CustomerID,recency_days,avg_order_value,days_since_signup,avg_quantity_per_order,high_frequency
12346,326,77183.6,326,74215.0,0
12347,2,615.71,367,351.14,1
12348,75,449.31,358,585.25,0
12349,19,1757.55,19,631.0,0
12350,310,334.4,310,197.0,0
12352,36,313.26,297,67.0,1
12353,204,89.0,204,20.0,0
12354,232,1079.4,232,530.0,0
12355,214,459.4,214,240.0,0
12356,23,937.14,326,530.33,0
12357,33,6207.67,33,2708.0,0
12358,2,584.03,151,124.0,0
12359,58,1593.14,332,405.5,0
12360,52,887.35,201,388.33,0
12361,287,189.9,287,91.0,0
12362,3,522.62,296,222.9,1
12363,110,276.0,242,204.0,0
12364,8,328.28,112,376.5,0
12365,291,320.69,291,87.0,0
12367,4,168.9,4,173.0,0
12370,51,886.42,360,588.25,0
12371,45,943.98,60,295.5,0
12372,72,432.68,297,264.67,0
12373,311,364.6,311,197.0,0
12374,25,742.93,25,342.0,0
12375,11,228.75,98,89.0,0
12377,315,814.06,355,472.0,0
12378,130,4008.62,130,2529.0,0
12379,82,426.12,170,203.5,0
12380,22,681.2,186,281.75,0
12381,5,369.06,120,161.6,1
12383,185,370.11,352,306.4,1
12384,29,292.64,122,63.0,0
12386,338,200.95,367,177.0,0
12388,16,463.44,327,243.67,1
12390,80,549.84,80,353.0,0
12391,22,460.89,22,300.0,0
12393,72,395.65,333,204.0,0
12394,64,636.24,217,409.5,0
12395,19,251.55,371,176.5,1
12397,36,1204.95,135,631.5,0
12398,46,1635.66,46,1394.0,0
12399,119,277.16,262,294.5,0
12401,303,84.3,303,11.0,0
12402,323,225.6,323,94.0,0
12403,50,427.7,50,96.0,0
12405,149,1710.39,149,857.0,0
12406,22,1707.65,184,909.0,0
12407,50,341.62,264,283.2,1
12408,33,577.71,260,281.8,1
12409,79,3690.89,183,1850.33,0
12410,309,346.66,309,105.5,0
12412,75,408.96,169,276.33,0
12413,67,252.7,337,95.33,0
12414,217,187.47,310,100.0,0
12415,24,5948.31,338,3684.48,1
12417,3,405.46,358,172.44,1
12418,113,668.58,113,407.0,0
12420,64,600.39,64,345.0,0
12421,16,201.76,319,121.0,0
12422,96,267.85,325,123.33,0
12423,1,232.41,354,167.38,1
12424,163,880.48,163,370.0,0
12425,78,777.2,78,496.0,0
12426,195,582.73,195,258.0,0
12427,22,275.27,372,177.67,0
12428,26,884.05,284,392.89,1
12429,9,937.6,366,389.25,0
12430,43,256.4,43,117.0,0
12431,36,432.5,374,193.73,1
12432,43,1011.86,172,360.2,1
12433,1,1910.84,373,1581.57,1
12434,85,403.07,260,197.0,0
12435,80,3914.94,268,1027.5,0
12436,100,509.01,100,211.0,0
12437,2,275.08,331,162.33,1
12438,14,1453.42,140,590.0,0
12441,367,173.55,367,121.0,0
12442,3,172.06,3,182.0,0
12444,21,1001.09,171,230.6,1
12445,22,133.4,22,62.0,0
12446,58,1002.31,58,351.0,0
12447,243,476.49,243,190.0,0
12448,44,449.45,44,243.0,0
12449,22,1016.82,187,388.25,0
12450,156,98.94,173,64.0,0
12451,11,1807.1,325,1315.0,1
12452,17,215.29,17,92.5,0
12453,134,707.09,134,473.0,0
12454,56,3528.34,56,1006.0,0
12455,73,411.14,297,348.17,1
12456,44,1060.35,255,544.33,0
12457,66,337.6,239,120.43,1
12458,71,473.7,285,253.0,0
12461,94,413.44,155,143.5,0
12462,19,594.79,303,268.0,0
12463,53,336.2,242,194.0,0
12464,10,151.51,309,14.0,1
12465,17,371.1,169,239.5,0
12468,188,364.77,316,183.0,0
12471,2,660.8,365,273.73,1
12472,32,938.87,369,592.57,1
12473,29,787.71,192,487.8,1
12474,17,409.77,330,269.28,1
12475,54,723.38,54,535.0,0
12476,16,619.67,361,218.91,1
12477,23,2203.29,302,608.83,1
12478,4,680.99,4,236.0,0
12479,11,527.2,11,385.0,0
12480,28,820.41,336,426.75,0
12481,23,559.63,366,330.4,1
12483,17,310.62,339,138.75,1
12484,33,756.95,336,365.17,1
12488,10,432.89,76,176.33,0
12489,336,334.93,336,105.0,0
12490,5,541.79,330,306.4,1
12491,39,460.4,39,260.0,0
12492,63,131.61,105,96.0,0
12493,166,216.87,197,103.5,0
12494,16,178.01,366,101.0,1
12497,82,1043.1,82,1236.0,0
12498,21,134.57,58,53.0,0
12500,23,387.07,334,243.45,1
12501,337,2169.39,337,1783.0,0
12502,96,744.77,310,164.0,1
12504,18,241.02,30,45.0,0
12506,233,73.5,233,23.0,0
12507,134,434.94,299,298.0,0
12508,26,199.14,29,136.0,0
12509,284,176.5,284,55.0,0
12510,143,491.28,325,176.5,0
12512,66,69.02,66,49.5,0
12513,113,612.29,113,462.0,0
12514,267,1017.68,267,440.0,0
12515,353,383.7,353,131.0,0
12516,78,656.03,181,437.5,0
12517,28,500.57,190,274.2,1
12518,1,411.38,110,263.6,1
12519,64,340.84,64,183.0,0
12520,79,526.85,274,287.8,1
12521,143,599.68,143,309.0,0
12522,39,96.36,51,97.0,0
12523,19,162.71,332,78.64,1
12524,9,560.72,334,462.38,1
12526,1,438.89,94,210.67,0
12527,82,116.24,326,78.0,0
12528,9,322.25,313,126.0,1
12530,60,415.57,337,228.25,0
12531,15,125.22,15,45.0,0
12532,30,349.83,30,153.0,0
12534,131,1089.18,131,651.0,0
12535,92,358.18,187,109.5,0
12536,43,4200.61,59,934.33,0
12538,29,363.95,29,191.0,0
12539,22,1392.09,334,516.75,0
12540,20,788.25,362,393.24,1
12541,30,327.06,281,226.67,0
12544,36,372.7,36,136.0,0
12545,75,500.2,260,261.5,0
12546,47,580.75,78,316.5,0
12547,198,103.9,281,67.0,0
12548,166,95.2,166,49.0,0
12550,79,964.83,79,569.0,0
12551,358,168.0,358,100.0,0
12552,39,218.91,40,44.0,0
12553,8,369.23,330,196.5,1
12556,50,301.86,151,179.0,0
12557,16,2398.19,372,876.8,1
12558,8,269.96,8,196.0,0
12559,311,280.86,320,141.5,0
12560,5,711.34,143,370.0,0
12561,303,238.85,303,177.0,0
12562,8,540.25,199,254.14,1
12564,261,456.9,261,133.0,0
12565,289,145.92,289,80.0,0
12566,86,351.65,86,265.0,0
12567,23,940.13,370,430.5,1
12569,2,128.9,252,56.28,1
12571,40,259.8,122,261.5,0
12572,9,510.21,52,226.0,0
12573,227,160.54,227,84.0,0
12574,316,218.45,316,61.0,0
12576,36,263.17,305,193.4,1
12577,35,219.27,359,157.33,0
12578,21,1397.26,330,598.0,0
12579,78,440.42,78,285.0,0
12580,247,415.7,247,238.0,0
12581,40,197.71,40,161.0,0
12582,239,255.68,289,150.0,0
12583,3,485.43,374,337.33,1
12584,4,259.79,280,46.22,1
12585,234,1020.05,351,639.5,0
12586,17,196.94,17,79.0,0
12587,8,144.0,8,51.0,0
12588,39,214.9,39,53.0,0
12589,29,323.34,145,153.0,0
12590,211,4932.13,211,2141.5,0
12591,317,452.85,317,228.0,0
12592,92,218.8,213,145.0,0
12593,109,139.37,219,68.67,0
12594,38,333.82,323,177.7,1
12596,51,309.14,242,237.0,0
12597,19,952.8,268,559.0,0
12598,10,377.88,285,245.5,1
12599,29,147.51,304,136.57,1
12600,29,259.9,371,77.4,1
12601,190,115.41,333,49.0,1
12602,59,153.12,59,162.0,0
12603,22,739.2,22,63.0,0
12604,79,127.09,262,100.5,0
12607,60,1579.51,60,1228.0,0
12609,78,375.62,318,216.0,0
12610,23,419.91,126,209.8,1
12611,52,1193.32,52,846.0,0
12612,74,704.04,74,262.0,0
12613,57,668.88,262,328.8,1
12614,278,315.6,278,76.0,0
12615,2,572.8,168,344.0,0
12616,95,356.65,297,142.0,0
12617,29,355.53,29,213.0,0
12618,22,177.31,22,96.0,0
12619,16,404.58,253,375.33,1
12620,15,446.47,205,393.67,0
12621,2,684.48,366,372.0,1
12622,232,180.1,232,69.0,0
12623,276,305.1,276,191.0,0
12624,106,320.56,178,177.5,0
12625,212,1341.91,319,806.0,0
12626,23,735.61,327,383.67,1
12627,11,639.79,140,393.14,1
12628,4,262.15,65,149.33,0
12630,10,635.44,44,274.0,0
12631,57,640.5,57,236.0,0
12633,59,541.0,288,290.5,0
12635,90,844.59,155,586.0,0
12637,67,752.74,324,375.25,1
12638,33,671.69,33,577.0,0
12639,239,486.1,239,201.0,0
12640,24,391.53,82,103.67,0
12641,115,185.9,115,72.0,0
12642,25,337.75,108,184.0,0
12643,128,557.44,333,301.33,1
12644,130,477.91,130,325.0,0
12645,34,443.8,316,271.0,0
12646,5,673.48,49,448.5,0
12647,22,310.24,369,119.25,1
12648,155,318.05,155,160.0,0
12649,107,207.84,212,195.33,0
12650,3,314.44,3,254.0,0
12651,335,114.0,335,78.0,0
12652,331,919.98,331,505.0,0
12653,149,1104.92,297,459.5,0
12654,11,120.4,295,52.8,1
12656,17,810.23,234,344.6,1
12657,11,410.8,79,261.0,0
12658,19,686.05,19,320.0,0
12659,30,91.68,30,105.0,0
12660,11,245.1,11,127.0,0
12662,1,349.98,373,187.09,1
12664,8,542.43,323,133.67,1
12665,325,63.0,325,37.0,0
12667,58,620.13,58,395.0,0
12668,12,951.79,356,408.5,0
12669,151,914.68,257,371.67,0
12670,10,599.21,233,279.4,1
12672,330,225.9,330,78.0,0
12673,5,305.26,327,175.5,0
12674,39,492.65,208,283.25,0
12676,25,221.9,311,111.67,1
12678,42,1469.04,354,910.25,1
12679,59,278.26,284,138.5,0
12680,1,215.7,113,110.75,0
12681,15,626.71,368,342.55,1
12682,4,396.39,371,179.84,1
12683,4,565.1,366,332.47,1
12684,8,326.23,213,283.57,1
12685,28,477.18,94,253.83,1
12686,372,89.14,372,107.0,0
12688,114,4873.81,114,3028.0,0
12689,26,623.81,128,314.0,0
12690,206,389.01,206,106.0,0
12691,28,172.63,357,65.67,1
12693,127,213.98,319,63.75,0
12694,70,434.84,183,254.5,0
12695,7,145.52,210,55.0,0
12697,29,319.2,169,169.33,0
12700,8,1235.0,215,741.75,0
12701,80,398.86,242,339.0,0
12702,20,219.0,20,53.0,0
12703,71,283.55,71,164.0,0
12704,7,292.6,170,125.75,1
12705,15,763.14,357,444.11,1
12707,292,603.42,292,256.0,0
12708,30,271.29,369,130.7,1
12709,15,649.1,367,262.4,1
12710,97,383.01,201,283.67,0
12712,29,338.16,371,81.69,1
12713,1,848.55,1,508.0,0
12714,9,941.77,295,613.8,1
12715,106,353.86,106,197.0,0
12716,4,526.74,133,354.0,0
12717,151,515.49,246,253.0,0
12718,71,238.25,71,203.0,0
12719,5,322.48,65,187.0,0
12720,3,231.27,369,186.88,1
12721,32,442.69,355,326.5,1
12722,85,249.41,151,141.5,0
12723,4,145.01,65,86.8,1
12724,5,257.85,332,111.25,0
12725,371,427.8,371,164.0,0
12726,28,372.73,357,449.0,1
12727,11,568.67,320,299.71,1
12728,71,209.08,332,104.75,0
12729,114,453.01,114,233.0,0
12731,24,1574.66,365,703.08,1
12732,180,236.26,180,111.0,0
12733,234,383.95,234,137.0,0
12734,353,110.4,353,88.0,0
12735,315,389.78,337,184.0,0
12736,333,234.0,333,173.0,0
12738,372,155.35,372,148.0,0
12739,78,506.52,99,243.0,0
12740,64,427.6,64,342.0,0
12743,134,273.21,134,159.5,0
12744,52,3039.9,318,748.71,1
12747,2,381.46,369,115.91,1
12748,1,161.34,374,123.19,1
12749,4,818.18,213,294.2,1
12750,129,275.88,129,137.0,0
12752,81,4366.78,81,2262.0,0
12753,23,3571.56,363,1903.5,1
12754,236,1003.58,309,2160.33,0
12755,281,1905.98,366,745.5,0
12756,87,112.08,87,144.0,0
12757,16,604.39,211,184.77,1
12758,117,1395.8,277,1067.5,0
12759,52,510.48,276,300.67,0
12762,8,949.26,25,613.5,0
12763,138,247.04,369,158.0,0
12764,317,1693.88,317,386.0,0
12766,4,998.52,366,520.86,1
12769,239,1143.6,239,356.0,0
12770,211,1351.45,211,743.0,0
12772,60,892.47,60,556.0,0
12775,17,277.21,311,175.4,1
12778,20,137.04,312,137.5,1
12779,38,497.67,371,253.0,1
12781,64,413.37,285,335.5,0
12782,5,466.18,358,217.2,1
12783,2,370.98,75,104.0,1
12784,9,287.21,15,150.0,0
12785,364,311.95,364,131.0,0
12787,10,154.55,193,87.0,0
12789,65,91.85,65,4.0,0
12790,192,324.92,192,166.0,0
12791,374,192.6,374,97.0,0
12792,257,400.54,257,217.0,0
12793,335,272.74,371,147.5,0
12794,53,430.2,99,296.0,0
12795,19,430.48,19,68.0,0
12797,366,254.03,366,118.0,0
12798,10,2325.68,171,1752.0,0
12802,187,427.58,187,314.0,0
12808,37,161.22,369,62.67,0
12809,178,489.31,178,220.0,0
12811,261,171.62,284,76.67,0
12812,45,229.64,45,164.0,0
12814,102,125.92,102,49.0,0
12815,148,531.73,198,189.5,0
12816,96,286.1,176,64.0,0
12817,281,166.04,281,53.0,0
12818,262,1542.08,262,929.0,0
12820,3,235.58,327,180.5,0
12821,214,92.72,214,70.0,0
12822,71,474.44,87,275.0,0
12823,75,351.9,297,46.0,1
12824,60,397.12,60,232.0,0
12826,3,210.67,365,151.14,1
12827,6,143.38,44,65.67,0
12828,3,169.78,130,82.33,1
12829,337,146.5,360,188.0,0
12830,38,1135.77,172,1641.33,1
12831,262,215.05,262,135.0,0
12832,32,191.52,98,97.5,0
12833,145,417.38,145,156.0,0
12834,283,312.38,283,110.0,0
12836,59,653.22,312,266.0,0
12837,173,134.1,173,24.0,0
12838,34,341.56,374,179.5,0
12839,3,399.39,367,271.93,1
12840,144,681.69,227,377.75,0
12841,5,160.89,372,110.28,1
12842,70,559.5,309,273.5,0
12843,66,212.78,264,97.62,1
12844,29,162.98,130,62.5,0
12845,267,88.52,290,51.0,0
12847,22,871.54,22,909.0,0
12849,31,525.45,269,311.5,0
12851,97,135.18,97,109.0,0
12852,295,311.55,295,149.0,0
12853,135,326.18,316,133.33,1
12854,79,441.5,318,209.0,0
12855,373,38.1,373,30.0,0
12856,8,363.32,64,179.83,1
12857,211,553.2,303,171.5,0
12863,52,521.2,52,188.0,0
12864,138,147.12,138,216.0,0
12865,26,784.12,124,462.5,0
12866,283,559.12,283,171.0,0
12867,26,576.69,360,614.0,1
12868,186,267.84,374,154.67,1
12871,84,190.32,207,100.0,0
12872,327,299.98,365,159.5,0
12873,282,374.0,282,128.0,0
12875,143,171.62,363,1009.5,0
12876,58,1109.01,196,970.5,0
12877,4,127.98,359,98.17,1
12878,236,427.5,266,273.5,0
12879,45,191.07,92,123.33,0
12881,276,298.0,276,21.0,0
12882,9,731.52,34,123.0,0
12883,25,175.87,89,49.0,0
12884,88,309.05,88,43.0,0
12885,63,391.74,124,218.33,0
12886,68,689.2,220,385.0,0
12888,214,177.06,255,38.0,0
12890,24,380.47,24,259.0,0
12891,186,110.33,293,316.67,0
12893,31,188.14,31,96.0,0
12895,42,186.4,87,105.0,0
12897,205,108.25,302,55.0,0
12901,9,630.52,271,824.11,1
12902,265,138.68,265,66.0,0
12904,18,254.79,172,151.0,0
12906,12,583.96,78,349.8,1
12908,176,375.0,313,600.0,0
12909,40,435.73,253,256.0,1
12910,23,384.38,242,211.5,1
12912,3,332.46,41,134.0,1
12913,5,496.73,368,283.8,1
12915,149,181.82,373,46.5,0
12916,139,751.54,321,279.75,0
12917,128,594.0,128,120.0,0
12919,8,222.53,170,112.17,1
12920,17,164.23,17,129.0,0
12921,9,448.3,373,257.46,1
12922,161,405.38,161,370.0,0
12923,64,176.97,64,69.0,0
12924,88,233.42,328,120.25,0
12925,5,347.02,75,270.5,0
12928,35,412.54,359,294.4,1
12929,312,117.85,312,37.0,0
12930,78,207.9,171,126.0,0
12931,22,2803.73,358,1866.93,1
12933,24,202.51,284,166.33,0
12935,2,308.67,319,264.71,1
12936,17,265.98,78,139.75,0
12937,15,376.07,267,251.75,0
12938,26,114.14,26,140.0,0
12939,64,1447.72,335,609.5,1
12940,55,456.77,88,205.5,0
12942,131,227.97,366,67.67,0
12944,36,302.26,355,144.5,0
12945,288,462.95,288,165.0,0
12947,144,267.33,373,194.17,1
12948,16,294.99,265,154.29,1
12949,31,520.9,252,297.62,1
12950,2,614.33,24,460.0,0
12951,9,177.34,331,83.83,1
12952,6,346.95,78,163.25,0
12953,10,329.85,10,84.0,0
12955,1,432.47,268,333.09,1
12956,306,108.07,306,34.0,0
12957,10,502.19,340,318.62,1
12962,7,133.2,113,64.5,0
12963,8,232.08,366,110.12,1
12965,89,771.91,89,283.0,0
12966,10,160.18,10,75.0,0
12967,358,830.45,372,219.0,0
12968,112,135.95,112,73.0,0
12970,7,113.06,322,77.5,0
12971,4,130.12,372,108.01,1
12974,198,144.8,198,24.0,0
12976,212,738.6,212,561.0,0
12977,156,39.24,156,12.0,0
12980,158,819.43,359,98.44,1
12981,30,186.11,133,121.0,0
12982,243,390.54,243,288.0,0
12984,19,97.5,19,26.0,0
12985,1,619.69,29,766.5,0
12987,74,279.35,198,109.5,0
12988,292,535.32,292,136.0,0
12989,3,461.61,364,196.2,1
12990,31,136.5,310,66.67,0
12991,23,251.88,112,202.5,0
12993,23,103.69,298,60.0,0
12994,4,324.81,269,153.0,0
12995,85,211.32,85,108.0,0
12997,22,306.72,317,166.0,0
12999,196,151.96,246,114.0,0
13000,107,178.28,365,126.33,0
13001,4,755.29,327,423.46,1
13002,318,120.95,318,73.0,0
13003,106,49.68,215,34.33,0
13004,12,314.22,358,267.89,1
13005,174,256.85,246,86.0,0
13006,56,81.57,56,55.0,0
13008,323,229.47,323,175.0,0
13011,372,50.55,372,13.0,0
13012,9,207.73,295,103.0,1
13013,1,370.07,372,171.08,1
13014,11,346.63,281,90.5,1
13015,53,669.26,249,323.4,1
13016,73,263.3,123,175.67,0
13017,7,204.0,7,48.0,0
13018,16,259.92,296,194.11,1
13021,4,290.71,359,150.22,1
13023,64,344.95,130,143.0,0
13026,1,195.07,276,324.0,1
13027,114,1152.0,355,2880.0,1
13028,23,330.66,45,399.0,0
13029,31,415.83,353,44.67,0
13030,11,399.74,368,197.0,0
13032,52,505.09,87,187.5,0
13033,357,190.55,357,83.0,0
13034,55,321.38,369,184.5,0
13035,74,460.94,261,322.0,0
13037,138,293.69,256,143.67,0
13038,80,302.82,291,120.0,0
13040,9,338.5,33,177.5,0
13043,273,516.42,273,254.0,0
13044,291,560.47,291,429.0,0
13045,99,305.28,99,221.0,0
13046,31,314.65,266,132.0,0
13047,32,323.75,374,139.1,1
13048,14,458.98,327,309.5,0
13049,64,328.34,318,134.0,0
13050,15,343.34,367,220.47,1
13052,212,348.15,212,222.0,0
13055,78,404.8,214,298.0,0
13058,25,90.47,152,17.33,0
13059,250,183.4,250,35.0,0
13060,254,307.53,254,123.0,0
13061,72,248.61,72,107.0,0
13062,191,346.98,191,343.0,0
13064,13,279.87,327,129.0,0
13065,373,205.86,373,74.0,0
13066,24,235.4,32,161.0,0
13067,82,115.46,82,32.0,0
13068,10,172.0,320,100.0,0
13069,1,184.84,370,245.21,1
13070,192,228.8,192,110.0,0
13072,267,177.15,267,69.0,0
13075,130,919.61,130,485.0,0
13077,1,182.32,366,215.75,0
13078,3,485.69,367,216.54,1
13079,4,44.02,140,12.4,1
13080,179,58.08,179,120.0,0
13081,12,2576.13,371,1733.45,1
13082,126,401.51,338,480.44,1
13083,4,151.88,76,93.5,0
13085,158,208.04,295,108.0,0
13089,3,606.45,370,320.31,1
13090,9,636.49,373,161.64,1
13091,28,345.82,28,466.0,0
13092,71,95.57,360,55.8,1
13093,276,979.06,373,495.12,1
13094,21,160.61,369,143.0,1
13095,71,74.4,71,144.0,0
13097,33,601.04,360,236.3,1
13098,1,1031.52,317,570.29,1
13099,99,207.36,99,288.0,0
13101,234,101.19,234,113.0,0
13102,1,267.67,365,175.17,1
13103,40,243.94,40,82.0,0
13104,3,183.08,355,84.0,1
13106,133,76.5,133,18.0,0
13107,44,382.9,334,323.25,0
13108,373,350.06,373,298.0,0
13109,60,393.27,157,260.0,0
13110,31,212.67,311,55.43,1
13113,1,510.25,366,126.88,1
13115,12,573.7,184,391.75,0
13116,138,501.14,138,291.0,0
13117,22,123.11,372,118.12,1
13118,20,239.56,289,82.0,1
13120,239,30.6,239,12.0,0
13121,269,283.73,269,252.0,0
13122,94,461.2,240,292.5,0
13124,90,1288.78,359,715.67,0
13126,5,262.46,367,267.88,1
13127,78,259.17,78,127.0,0
13130,94,64.0,94,32.0,0
13131,23,357.77,188,149.0,0
13132,262,77.3,262,20.0,0
13133,274,54.9,304,16.0,0
13134,86,448.4,240,264.75,0
13135,197,3096.0,197,4300.0,0
13136,56,521.52,213,265.6,1
13137,11,456.3,309,278.25,1
13138,22,160.4,372,78.83,1
13139,16,723.56,260,346.43,1
13140,108,141.24,366,62.0,0
13141,85,477.75,315,309.6,1
13142,19,307.09,19,258.0,0
13144,333,110.95,333,21.0,0
13145,40,154.63,372,36.25,0
13146,26,228.91,26,154.0,0
13147,10,178.2,100,36.0,0
13148,29,308.93,364,164.58,1
13149,14,419.02,289,320.0,0
13151,296,1257.87,296,363.0,0
13153,6,486.22,6,418.0,0
13155,33,242.94,369,124.25,0
13157,49,435.3,298,359.75,0
13158,95,300.26,319,196.0,0
13159,9,359.46,116,264.75,0
13160,22,91.8,22,56.0,0
13161,313,112.75,313,29.0,0
13162,122,422.07,335,428.25,0
13165,46,510.74,351,688.0,0
13166,283,417.2,283,216.0,0
13167,19,197.83,144,196.25,0
13168,36,329.8,318,170.5,0
13169,64,356.44,252,136.0,0
13170,27,116.01,27,147.0,0
13171,22,156.14,299,76.33,0
13173,4,176.82,367,138.5,0
13174,16,939.01,369,465.0,0
13176,46,492.84,46,453.0,0
13177,65,282.45,65,91.0,0
13178,26,520.5,361,324.55,1
13182,45,121.18,45,201.0,0
13183,8,439.75,335,245.33,1
13184,15,170.13,290,169.2,1
13185,268,71.4,268,12.0,0
13186,40,525.3,129,273.33,0
13187,337,236.02,337,95.0,0
13188,11,114.6,11,25.0,0
13189,19,130.34,115,421.0,0
13192,95,455.97,205,297.5,0
13193,61,117.88,61,50.0,0
13194,136,60.7,136,26.0,0
13196,11,449.44,262,306.0,0
13198,10,566.87,362,441.33,1
13199,4,258.35,367,162.53,1
13200,19,217.52,126,129.0,0
13203,10,217.36,242,200.0,0
13207,15,125.13,151,65.0,0
13208,59,203.98,309,134.0,1
13209,30,736.45,362,531.62,1
13210,94,353.48,94,316.0,0
13211,10,399.14,361,291.33,0
13212,20,262.69,61,103.33,0
13213,57,304.12,200,272.0,1
13216,268,333.74,268,297.0,0
13217,122,177.99,157,87.33,0
13218,127,62.64,127,88.0,0
13220,78,204.82,237,49.0,0
13221,240,423.7,359,122.0,0
13223,200,81.6,232,44.0,0
13224,60,1077.97,151,759.0,0
13225,3,923.41,362,488.0,1
13226,273,108.21,273,80.0,0
13227,202,257.7,202,99.0,0
13228,81,358.0,81,200.0,0
13229,226,160.95,226,63.0,0
13230,4,200.5,365,118.93,1
13232,13,193.94,243,111.14,1
13233,74,302.56,336,502.0,0
13235,212,1031.07,212,441.0,0
13236,25,372.42,107,208.0,0
13238,17,175.18,360,74.5,0
13239,262,329.56,262,327.0,0
13240,96,165.91,366,74.5,0
13242,112,90.13,214,43.33,0
13243,203,600.07,203,233.0,0
13244,93,121.74,93,38.0,0
13245,51,430.5,51,125.0,0
13246,18,331.22,330,267.0,1
13247,18,125.28,83,82.0,0
13248,125,232.84,189,152.5,0
13249,92,237.14,261,182.0,0
13253,157,515.2,339,786.0,0
13255,9,199.76,374,88.5,0
13258,12,232.86,205,95.67,0
13259,62,292.32,62,132.0,0
13260,61,557.62,61,142.0,0
13261,269,472.05,286,105.0,0
13262,263,200.29,263,125.0,0
13263,1,212.97,325,136.57,1
13265,53,421.53,274,350.4,1
13266,11,319.52,257,369.0,1
13267,3,237.97,367,103.63,1
13268,18,292.24,267,332.55,1
13269,1,356.42,370,234.27,1
13270,366,590.0,366,200.0,0
13271,37,217.38,37,253.0,0
13272,31,138.28,90,48.0,0
13273,113,138.98,113,153.0,0
13276,64,295.47,100,80.5,0
13277,16,64.6,134,44.0,0
13278,41,542.73,41,537.0,0
13279,78,137.75,78,73.0,0
13280,122,271.62,337,174.0,0
13282,18,377.38,221,102.33,0
13283,60,46.83,186,45.0,0
13284,331,201.19,331,91.0,0
13285,23,677.28,290,512.75,0
13291,156,361.11,156,233.0,0
13292,39,289.47,284,173.5,0
13294,190,436.87,250,226.5,0
13295,360,201.2,360,82.0,0
13296,137,87.4,137,78.0,0
13297,8,522.46,67,240.75,0
13298,1,360.0,1,96.0,0
13299,268,142.5,268,30.0,0
13300,169,371.89,169,203.0,0
13301,104,154.52,292,86.25,0
13302,155,63.75,155,5.0,0
13304,351,300.42,351,238.0,0
13305,4,200.09,373,123.2,1
13307,120,15.0,120,4.0,0
13308,23,461.84,203,281.0,0
13309,7,291.36,309,308.8,1
13310,28,377.34,324,195.67,0
13311,4,299.29,150,152.5,0
13313,22,311.06,340,170.2,1
13314,2,258.65,74,186.67,0
13316,37,1494.43,254,1737.0,0
13317,66,378.95,359,172.5,1
13318,1,213.59,37,101.33,0
13319,5,417.14,366,181.69,1
13320,78,387.18,214,274.0,0
13321,72,283.68,86,186.0,0
13322,17,199.48,17,117.0,0
13323,3,157.57,84,35.0,1
13324,36,712.2,361,520.5,1
13325,82,675.3,82,240.0,0
13327,39,453.47,365,200.0,1
13328,316,1308.48,316,680.0,0
13329,32,394.5,367,231.5,0
13330,93,380.31,316,250.33,0
13332,14,350.9,14,179.0,0
13334,82,1178.94,306,591.33,0
13336,77,795.12,77,559.0,0
13338,158,487.02,158,256.0,0
13339,201,860.12,201,326.0,0
13340,45,1533.78,277,824.29,1
13341,261,775.85,261,301.0,0
13343,178,353.43,178,135.0,0
13344,68,847.91,278,323.67,0
13345,288,389.5,288,141.0,0
13347,70,341.36,70,205.0,0
13348,64,233.76,64,136.0,0
13349,11,247.32,11,225.0,0
13350,16,489.56,79,143.5,0
13351,66,373.94,66,117.0,0
13352,60,397.98,60,321.0,0
13354,71,743.53,71,604.0,0
13355,122,674.7,122,314.0,0
13356,80,768.24,80,325.0,0
13357,257,609.95,257,322.0,0
13358,269,439.03,269,285.0,0
13359,64,439.56,64,161.0,0
13362,9,772.68,288,345.5,0
13363,18,496.25,44,355.0,0
13364,71,134.96,71,71.0,0
13365,34,1112.68,218,623.5,0
13366,50,56.16,50,144.0,0
13368,257,311.7,338,163.5,0
13369,366,308.28,366,149.0,0
13370,372,754.87,372,343.0,0
13372,90,378.64,90,159.0,0
13373,61,1104.08,276,550.33,0
13375,89,778.65,89,442.0,0
13376,99,339.92,234,164.33,0
13379,26,190.85,137,200.33,0
13381,32,606.55,299,338.17,1
13382,281,222.99,281,131.0,0
13384,31,593.13,179,346.0,1
13385,330,534.57,330,281.0,0
13388,131,338.55,131,141.0,0
13389,11,265.99,233,143.0,0
13390,75,544.08,75,224.0,0
13391,204,59.8,204,4.0,0
13394,2,315.0,310,299.0,1
13395,185,307.72,185,336.0,0
13396,29,680.5,319,300.0,0
13397,73,308.83,339,86.0,1
13398,192,457.34,192,281.0,0
13402,127,310.62,372,239.5,0
13403,18,75.0,18,44.0,0
13404,1,126.24,213,55.5,0
13405,74,190.82,318,55.0,0
13408,2,453.5,374,261.81,1
13410,24,200.61,291,103.6,1
13411,107,213.55,107,72.0,0
13414,134,463.5,297,524.67,0
13416,44,356.25,81,71.0,0
13417,5,320.42,205,81.0,0
13418,12,340.41,373,217.67,1
13419,64,221.06,64,275.0,0
13420,150,79.92,171,50.5,0
13421,40,925.54,290,590.5,0
13422,64,2626.3,64,1326.0,0
13425,108,541.4,295,374.33,0
13426,1,364.13,360,224.5,1
13427,19,194.2,215,181.67,0
13428,10,218.47,10,156.0,0
13429,11,251.7,75,347.5,0
13430,19,339.72,86,375.5,0
13431,67,634.55,89,336.0,0
13434,74,267.12,97,150.0,0
13435,5,544.27,189,304.14,1
13436,2,196.89,2,76.0,0
13437,14,486.87,190,183.29,1
13439,255,283.71,255,242.0,0
13441,92,296.64,92,204.0,0
13447,23,376.38,36,194.67,0
13448,17,589.9,374,276.67,1
13449,24,291.88,24,222.0,0
13450,27,340.62,218,330.33,1
13451,26,595.23,334,429.8,1
13452,259,295.0,271,1.0,0
13453,166,178.49,290,67.0,0
13455,25,529.17,366,177.0,0
13456,18,294.45,207,127.5,1
13458,7,689.04,360,393.43,1
13460,29,91.72,50,143.0,0
13461,39,481.67,164,390.0,0
13462,253,151.5,253,62.0,0
13464,58,674.68,58,403.0,0
13466,184,307.9,184,259.0,0
13467,11,541.86,36,292.0,0
13468,2,154.19,373,69.97,1
13470,99,82.5,115,50.0,0
13471,1,632.9,47,397.5,0
13473,61,211.32,333,133.0,0
13474,236,229.59,236,132.0,0
13475,191,357.94,299,253.0,0
13476,179,619.24,281,208.5,0
13477,38,242.43,292,170.17,1
13479,201,150.48,235,67.0,0
13481,46,360.91,257,228.4,1
13482,232,184.64,232,116.0,0
13483,66,140.34,66,160.0,0
13484,241,313.8,241,44.0,0
13485,233,454.24,233,277.0,0
13486,78,374.14,155,223.0,0
13487,58,191.8,353,88.33,0
13488,17,689.87,367,347.54,1
13489,105,112.38,295,140.0,0
13491,52,121.58,372,90.3,1
13492,136,423.28,215,136.0,0
13493,275,309.32,287,190.0,0
13494,312,316.26,312,162.0,0
13495,8,408.97,368,165.8,1
13496,11,326.67,360,170.5,0
13497,283,174.02,369,81.5,0
13499,18,231.82,270,273.0,1
13500,23,388.92,123,203.0,0
13501,288,1340.32,288,560.0,0
13502,17,97.33,324,88.0,0
13503,71,216.85,71,248.0,0
13504,64,295.93,64,178.0,0
13505,73,1098.41,233,621.5,0
13506,316,229.26,370,162.0,0
13507,3,619.79,146,399.25,0
13508,244,110.97,244,24.0,0
13509,9,139.96,284,158.0,1
13510,1,447.89,184,346.5,0
13512,261,251.21,261,143.0,0
13513,127,205.1,127,109.0,0
13514,74,152.2,74,40.0,0
13515,73,222.78,248,170.25,0
13516,21,463.14,239,328.33,0
13517,60,709.47,180,456.33,0
13518,86,659.44,86,392.0,0
13519,78,122.75,78,23.0,0
13520,59,604.06,372,274.83,1
13521,1,364.55,10,245.33,0
13522,30,125.8,30,44.0,0
13523,33,792.98,366,350.4,1
13524,41,136.04,220,64.8,1
13525,15,314.39,248,197.0,0
13527,34,326.79,327,241.71,1
13529,79,153.88,205,37.0,0
13531,205,241.9,366,87.0,0
13532,34,210.31,34,129.0,0
13533,183,90.26,268,68.0,0
13534,2,234.8,358,118.44,1
13536,1,492.61,75,305.14,1
13538,43,182.98,316,25.0,1
13539,86,210.45,309,106.67,0
13544,40,145.71,241,63.5,0
13546,12,209.0,201,119.67,0
13548,96,341.2,244,220.5,0
13549,26,131.17,242,65.43,1
13551,319,91.8,319,12.0,0
13552,66,311.67,316,118.08,1
13555,74,1037.32,202,665.0,0
13557,28,292.03,281,273.0,0
13558,6,151.26,68,86.0,0
13560,7,174.37,7,64.0,0
13561,216,141.86,216,83.0,0
13562,82,599.78,246,252.33,0
13563,84,388.76,140,104.5,0
13564,144,583.01,368,220.33,0
13565,19,120.11,334,86.0,0
13566,41,437.36,83,287.5,0
13568,173,192.85,173,70.0,0
13569,17,186.88,368,82.0,0
13570,243,239.49,243,161.0,0
13571,13,174.36,254,146.58,1
13572,206,1384.25,206,534.0,0
13573,50,147.2,253,151.5,0
13575,23,146.41,176,89.8,1
13576,10,373.19,373,147.0,1
13577,25,421.9,242,197.75,0
13579,15,233.52,369,88.0,0
13581,309,118.0,309,30.0,0
13583,156,781.03,156,725.0,0
13584,307,142.4,307,37.0,0
13587,64,712.4,64,180.0,0
13588,16,275.44,255,289.56,1
13589,15,189.82,180,57.0,0
13590,11,330.32,303,308.0,1
13591,65,372.38,267,161.67,0
13592,36,61.99,264,21.0,0
13593,108,407.42,336,146.2,1
13594,53,396.97,53,359.0,0
13596,6,348.52,13,203.0,0
13598,47,180.17,47,58.0,0
13599,1,245.41,367,156.86,1
13600,312,219.52,312,324.0,0
13601,45,346.66,211,274.0,0
13602,65,428.89,65,267.0,0
13603,26,164.34,26,164.0,0
13606,29,93.51,312,93.0,0
13607,40,678.01,40,290.0,0
13610,12,161.7,285,73.71,1
13611,89,390.6,360,255.33,0
13614,24,402.62,331,142.5,0
13615,319,417.69,319,189.0,0
13617,40,181.39,180,100.0,0
13618,174,177.34,174,246.0,0
13621,117,213.85,117,343.0,0
13623,31,149.56,297,58.8,1
13626,253,257.23,253,209.0,0
13627,59,327.69,358,253.8,1
13629,23,708.4,339,397.45,1
13630,5,290.25,286,198.71,1
13631,100,279.13,267,42.45,1
13632,25,424.25,243,207.4,1
13634,33,315.03,327,140.8,1
13635,68,1071.03,68,677.0,0
13636,37,189.82,285,118.4,1
13637,52,270.17,226,136.33,0
13638,16,122.64,16,93.0,0
13639,74,1033.34,74,800.0,0
13642,216,354.8,216,173.0,0
13643,31,173.15,186,91.0,0
13644,16,656.06,106,516.75,0
13645,120,252.1,120,158.0,0
13647,10,419.53,235,223.75,0
13649,257,173.3,366,69.5,0
13650,17,306.06,268,153.67,1
13651,35,47.1,40,16.5,0
13652,46,365.03,369,192.67,0
13654,43,451.22,273,363.67,1
13655,114,466.48,242,302.5,0
13656,165,189.82,337,245.0,0
13657,11,191.07,202,104.5,0
13658,10,527.83,204,203.8,1
13659,206,786.6,321,447.0,0
13662,86,299.25,259,181.0,0
13663,179,189.47,179,91.0,0
13666,60,28.22,287,13.67,0
13667,149,305.02,149,154.0,0
13668,3,303.03,363,178.19,1
13669,51,109.28,150,118.5,0
13670,75,349.7,75,282.0,0
13672,301,93.2,332,28.5,0
13673,19,198.46,32,59.5,0
13675,151,243.41,285,165.0,0
13678,152,232.6,152,924.0,0
13680,1,930.6,339,484.0,0
13681,18,206.96,155,90.0,0
13682,187,59.5,187,10.0,0
13684,286,67.23,286,39.0,0
13685,3,445.63,60,722.29,1
13686,183,72.0,183,70.0,0
13689,63,910.0,63,512.0,0
13690,59,172.25,59,67.0,0
13692,25,496.11,236,408.67,0
13694,4,1300.79,374,1266.24,1
13695,31,166.94,260,106.87,1
13697,39,151.3,39,177.0,0
13699,155,308.58,155,66.0,0
13700,26,226.51,327,230.4,1
13703,318,99.5,318,10.0,0
13704,5,256.45,88,170.11,1
13705,8,237.29,374,121.0,0
13706,303,330.79,303,189.0,0
13707,267,403.2,315,175.5,0
13708,271,296.88,271,306.0,0
13709,4,486.77,315,270.46,1
13710,32,180.48,32,176.0,0
13711,219,126.03,219,70.0,0
13712,247,228.84,247,352.0,0
13715,281,215.87,373,112.6,1
13716,269,138.28,269,138.0,0
13717,32,240.84,298,326.5,1
13718,246,153.28,296,86.5,0
13719,15,208.34,234,121.8,1
13720,117,199.98,255,125.25,0
13721,36,524.14,36,316.0,0
13722,132,791.8,283,467.0,0
13723,217,199.85,217,43.0,0
13725,50,247.57,309,100.75,1
13726,39,539.83,101,527.0,0
13727,29,166.74,34,81.0,0
13728,37,169.36,311,76.33,1
13730,136,376.3,162,244.0,0
13731,219,305.3,247,139.0,0
13732,28,491.86,28,498.0,0
13735,25,721.31,234,282.5,0
13736,5,365.95,260,248.5,0
13737,200,339.6,200,125.0,0
13739,18,216.9,18,54.0,0
13740,241,350.75,241,425.0,0
13741,72,222.81,217,72.67,0
13742,17,260.92,320,93.67,1
13743,3,191.66,259,253.71,1
13744,95,578.18,292,624.5,0
13745,162,300.04,162,496.0,0
13747,374,79.6,374,8.0,0
13748,96,189.65,374,87.8,1
13750,54,329.45,337,103.2,1
13751,288,296.25,288,152.0,0
13752,124,197.71,247,146.0,1
13753,288,741.26,288,512.0,0
13754,152,141.3,317,107.0,0
13755,4,240.15,63,140.44,1
13756,2,370.68,368,227.71,1
13758,12,455.79,374,263.43,1
13759,33,329.71,71,143.5,0
13760,54,143.4,256,98.5,0
13761,50,535.33,180,321.0,0
13762,219,306.72,219,272.0,0
13763,63,1714.96,63,728.0,0
13764,71,507.25,337,310.67,0
13767,2,465.42,374,197.89,1
13769,2,279.65,367,116.3,1
13771,64,658.61,247,369.25,0
13772,34,377.38,240,182.0,0
13774,82,345.0,82,192.0,0
13777,1,787.19,373,390.82,1
13778,103,178.7,103,70.0,0
13780,7,180.0,171,159.0,0
13781,251,127.84,251,30.0,0
13782,13,152.0,328,61.83,1
13784,10,223.89,332,226.64,1
13786,367,230.4,367,136.0,0
13787,76,154.52,364,168.5,0
13790,4,348.8,4,748.0,0
13791,128,758.0,168,600.0,0
13792,66,97.78,287,46.0,0
13798,1,651.82,372,420.14,1
13799,117,344.43,294,201.0,0
13800,310,558.32,310,331.0,0
13801,67,324.8,67,168.0,0
13802,139,1533.14,312,857.33,0
13803,255,277.07,255,121.0,0
13804,31,376.54,290,214.0,1
13805,52,462.3,129,950.0,0
13806,64,256.38,64,56.0,0
13807,367,112.6,367,36.0,0
13808,6,349.53,97,156.4,1
13809,305,155.05,305,29.0,0
13810,29,499.67,56,104.0,0
13811,184,271.5,239,22.67,0
13812,42,179.67,105,111.0,0
13813,40,341.72,135,138.0,0
13814,92,789.56,137,432.0,0
13815,22,1006.84,319,640.0,0
13816,24,285.84,64,134.5,0
13817,29,191.49,352,105.5,0
13819,302,380.12,320,369.67,0
13821,145,192.82,262,76.5,0
13822,6,316.0,40,305.5,0
13823,19,478.83,92,219.5,0
13824,33,339.79,310,153.6,1
13826,176,189.5,176,82.0,0
13827,58,137.35,143,47.0,0
13828,22,209.49,22,311.0,0
13831,16,367.16,370,124.17,1
13832,19,52.2,19,28.0,0
13833,159,384.8,159,118.0,0
13835,25,208.64,215,110.5,0
13837,212,135.62,318,91.5,0
13838,6,172.93,370,65.75,0
13841,253,85.0,253,100.0,0
13842,59,376.18,367,196.44,1
13844,11,361.62,11,196.0,0
13845,65,312.98,65,182.0,0
13846,25,288.35,360,129.33,0
13848,92,418.33,366,1233.33,0
13849,52,768.98,171,508.0,0
13850,129,1595.48,129,944.0,0
13851,96,883.82,288,568.33,0
13853,57,1090.14,57,312.0,0
13854,9,324.38,366,91.84,1
13856,169,129.5,203,164.67,0
13858,57,216.17,57,75.0,0
13859,326,201.16,326,129.0,0
13860,1,249.18,87,118.2,1
13862,18,276.17,332,211.0,1
13863,248,305.78,248,224.0,0
13865,58,125.39,290,51.0,0
13866,74,145.67,74,57.0,0
13867,31,338.43,218,171.0,0
13868,7,1596.27,39,982.0,0
13869,123,776.24,357,430.25,0
13870,2,346.37,288,165.62,1
13871,23,492.56,309,215.85,1
13873,120,129.87,310,46.67,0
13874,358,540.45,358,180.0,0
13875,54,357.36,301,263.2,1
13876,64,122.7,64,36.0,0
13877,86,117.24,86,108.0,0
13878,55,1281.53,55,475.0,0
13880,21,247.67,367,141.69,1
13881,4,857.98,312,505.9,1
13882,3,238.23,64,190.6,1
13883,11,534.9,253,287.2,1
13884,7,157.52,283,60.0,1
13885,189,253.4,201,91.0,0
13886,71,243.56,71,126.0,0
13887,204,349.55,204,147.0,0
13888,120,302.82,218,129.0,0
13889,93,416.9,93,146.0,0
13890,1,188.38,359,83.1,1
13892,27,158.24,247,245.75,0
13893,298,821.1,298,190.0,0
13894,24,188.21,310,118.0,0
13895,28,648.27,165,341.25,0
13897,50,311.16,50,200.0,0
13898,326,155.93,326,133.0,0
13899,16,194.26,275,78.0,0
13900,183,246.98,263,143.33,0
13901,72,573.44,319,347.8,1
13904,37,166.32,295,166.0,0
13908,80,592.39,277,369.5,0
13911,57,286.77,308,303.44,1
13914,12,313.23,36,190.0,0
13917,50,136.02,192,114.0,0
13918,50,606.42,253,570.0,0
13919,59,192.4,122,237.0,0
13922,352,172.25,352,93.0,0
13923,54,351.13,54,185.0,0
13924,2,306.48,72,262.5,1
13925,93,169.56,135,82.75,0
13926,23,223.85,23,104.0,0
13927,75,348.99,75,214.0,0
13928,11,116.14,133,32.25,0
13929,169,421.32,326,71.5,0
13930,58,168.67,137,137.0,0
13931,96,618.76,281,362.5,0
13932,295,307.4,295,72.0,0
13933,109,304.4,148,102.5,0
13934,264,922.1,264,390.0,0
13936,180,376.58,180,330.0,0
13937,169,158.85,169,123.0,0
13938,35,71.66,35,70.0,0
13939,23,189.52,312,282.33,0
13940,17,209.78,144,129.0,0
13941,22,1022.59,373,472.8,1
13946,79,187.19,268,147.67,0
13947,65,90.6,65,44.0,0
13948,361,102.0,361,40.0,0
13949,3,404.55,95,412.33,1
13950,11,186.26,247,80.75,0
13951,176,224.82,294,153.0,0
13952,218,1625.54,239,715.5,0
13953,7,502.24,353,389.14,1
13954,2,219.96,71,75.0,0
13955,154,161.48,306,77.0,0
13956,5,205.28,271,98.2,1
13959,79,199.4,362,119.0,0
13960,21,115.11,72,71.0,0
13962,22,84.78,246,43.5,0
13963,308,166.14,368,115.0,0
13967,146,80.7,146,42.0,0
13969,7,503.0,365,252.33,1
13971,19,344.78,286,230.5,1
13972,71,95.12,202,93.5,0
13973,287,264.7,287,109.0,0
13974,49,413.59,49,249.0,0
13975,31,421.05,277,288.67,1
13976,207,357.98,207,154.0,0
13978,15,98.4,45,157.5,0
13979,73,869.87,73,639.0,0
13980,60,200.14,60,172.0,0
13982,39,467.95,365,284.0,0
13983,30,216.95,367,98.58,1
13984,27,184.1,366,135.8,1
13985,4,470.68,264,229.67,1
13986,17,320.46,17,430.0,0
13988,20,691.33,255,507.33,1
13989,66,633.04,239,656.5,0
13990,213,311.3,213,190.0,0
13991,12,142.66,143,166.33,1
13992,30,76.8,30,64.0,0
13993,43,385.15,331,100.0,1
13994,4,385.52,148,156.67,1
13995,15,278.74,246,175.8,1
13999,10,325.15,362,186.92,1
14000,211,635.66,211,710.0,0
14001,46,681.03,373,320.67,0
14002,134,264.86,156,438.5,0
14004,43,654.66,289,381.14,1
14005,10,574.94,216,495.6,1
14006,116,320.73,312,213.67,0
14009,198,347.8,205,182.5,0
14012,278,328.8,278,160.0,0
14013,110,157.67,276,154.0,0
14014,77,505.18,77,1076.0,0
14015,53,917.34,53,378.0,0
14016,162,1085.3,357,531.25,0
14019,47,473.87,138,345.67,0
14020,17,321.4,88,220.5,0
14021,155,210.63,256,64.0,0
14022,225,440.0,225,487.0,0
14023,7,292.04,250,172.5,0
14024,122,163.85,124,75.0,0
14027,61,104.82,61,62.0,0
14029,63,233.83,144,99.0,0
14030,18,295.01,366,184.88,1
14031,7,909.83,372,304.63,1
14032,2,270.51,367,184.73,1
14034,22,217.27,157,141.0,0
14035,29,285.6,298,147.8,1
14036,285,626.65,285,268.0,0
14037,176,73.6,365,23.0,0
14038,78,520.13,207,321.67,0
14039,33,152.2,33,92.0,0
14040,41,301.24,331,129.5,1
14041,266,141.41,266,94.0,0
14044,27,163.21,310,77.0,0
14045,109,414.94,374,133.75,0
14046,284,154.99,284,460.0,0
14047,9,261.72,373,76.2,1
14048,305,409.93,305,288.0,0
14049,17,1420.43,318,967.5,0
14050,32,373.18,106,344.5,0
14051,1,678.71,367,163.3,1
14052,20,225.36,20,89.0,0
14053,124,130.12,160,107.5,0
14054,65,92.46,65,62.0,0
14055,106,725.64,106,216.0,0
14056,1,357.16,284,185.78,1
14057,24,365.76,361,286.82,1
14059,267,183.6,267,128.0,0
14060,5,323.18,373,283.47,1
14062,10,872.07,364,466.08,1
14064,29,270.75,274,357.6,1
14066,267,152.55,267,45.0,0
14067,64,187.35,97,180.5,0
14068,320,265.85,320,73.0,0
14071,4,179.85,265,124.38,1
14073,32,151.04,32,130.0,0
14075,5,314.09,261,251.33,0
14076,129,122.47,129,81.0,0
14077,41,99.88,274,53.6,1
14078,102,174.9,373,51.67,1
14079,125,375.1,125,301.0,0
14080,33,45.6,33,48.0,0
14081,302,467.26,369,298.0,0
14082,365,182.25,365,110.0,0
14083,4,113.16,372,81.33,1
14085,2,247.14,369,176.89,1
14087,3,194.42,3,251.0,0
14088,10,3883.99,322,974.23,1
14089,57,161.0,57,134.0,0
14090,325,76.32,325,72.0,0
14092,8,291.21,358,147.57,1
14093,12,442.85,12,406.0,0
14096,4,3833.22,102,961.88,1
14098,37,147.35,37,104.0,0
14099,16,282.2,355,198.09,1
14100,138,194.9,138,64.0,0
14101,74,996.13,326,1157.0,1
14102,5,272.06,45,192.2,1
14104,155,108.1,166,36.0,0
14105,239,1266.23,239,800.0,0
14107,52,386.18,364,256.14,1
14108,31,298.96,102,190.5,0
14109,73,144.2,73,88.0,0
14110,4,473.6,267,203.75,1
14111,14,173.21,242,114.5,0
14112,23,416.45,276,235.86,1
14113,4,460.1,355,186.25,0
14114,274,193.26,331,50.5,0
14116,20,276.55,122,141.4,1
14117,144,90.0,144,72.0,0
14121,4,695.04,60,520.5,0
14124,84,419.58,84,1618.0,0
14125,11,913.48,78,546.67,0
14126,8,235.38,11,169.33,0
14127,123,236.57,311,107.0,0
14128,61,318.75,256,282.0,0
14129,2,224.77,261,118.4,1
14130,319,483.86,319,258.0,0
14132,2,326.0,184,306.18,1
14133,130,201.88,316,116.0,0
14135,2,312.69,373,256.67,1
14138,2,491.19,64,305.0,0
14139,46,415.82,46,510.0,0
14140,4,467.52,32,405.5,0
14141,3,228.78,105,88.75,0
14142,373,311.81,373,313.0,0
14143,134,115.8,134,30.0,0
14145,47,935.55,217,189.0,0
14146,9,838.2,357,487.4,1
14147,78,241.7,286,54.0,0
14148,234,157.2,234,16.0,0
14149,221,446.62,221,218.0,0
14150,36,329.32,360,248.0,0
14152,75,310.64,234,355.5,0
14154,239,672.81,239,232.5,0
14155,266,118.75,266,25.0,0
14156,10,2134.18,372,1052.45,1
14157,20,216.44,285,142.0,0
14158,40,507.66,40,781.0,0
14159,20,426.64,363,400.73,1
14161,216,370.17,369,151.67,0
14162,174,144.68,293,71.0,0
14163,87,611.48,239,223.25,0
14164,71,815.88,81,516.5,0
14165,276,122.54,276,54.0,0
14167,39,143.71,331,37.5,0
14171,98,363.79,98,167.0,0
14173,11,112.71,219,37.5,0
14174,33,134.46,33,94.0,0
14175,60,1074.1,330,505.0,0
14176,297,144.23,368,52.25,0
14177,86,139.85,180,51.25,0
14178,9,231.56,182,215.0,1
14179,41,359.89,52,165.0,0
14180,11,189.94,372,28.76,1
14184,67,452.89,67,127.0,0
14185,331,197.65,331,6.0,0
14188,31,342.39,310,193.67,1
14189,2,310.27,369,262.47,1
14191,2,360.37,221,281.69,1
14193,68,426.7,270,222.5,0
14194,5,540.45,308,278.1,1
14195,202,506.0,252,380.0,0
14196,107,335.52,107,142.0,0
14198,18,175.35,239,72.5,0
14199,218,185.4,218,28.0,0
14201,60,106.78,359,84.29,1
14204,2,161.03,2,82.0,0
14205,17,233.35,264,102.0,0
14206,239,328.16,239,276.0,0
14208,95,151.74,95,114.0,0
14209,11,345.57,332,115.17,1
14210,106,317.64,372,126.67,1
14211,53,249.01,295,138.0,1
14212,90,1070.48,90,1152.0,0
14214,31,200.88,278,150.2,1
14215,12,298.29,368,226.33,1
14216,3,459.82,38,148.5,0
14217,2,117.94,366,40.53,1
14218,43,169.48,43,160.0,0
14219,4,89.94,4,78.0,0
14220,247,316.2,358,136.0,0
14221,42,381.42,339,243.44,1
14222,177,683.17,177,607.0,0
14223,92,330.38,264,195.0,0
14224,110,262.53,320,128.5,0
14226,29,446.44,269,261.6,1
14227,26,335.1,285,182.0,1
14229,52,515.73,334,203.33,0
14231,184,308.57,289,136.33,0
14232,43,409.61,265,388.2,1
14233,49,365.68,318,170.0,0
14234,22,193.86,57,240.75,0
14235,75,628.97,260,391.8,1
14236,81,245.43,372,155.0,0
14237,373,161.0,373,38.0,0
14238,326,146.85,326,111.0,0
14239,43,216.44,316,90.27,1
14240,30,445.17,226,209.0,0
14241,184,213.7,184,146.0,0
14242,235,140.28,326,61.5,0
14243,9,258.88,366,122.1,1
14245,220,846.72,264,488.0,0
14246,111,491.35,246,268.0,0
14247,278,136.77,278,47.0,0
14248,318,302.58,318,102.0,0
14250,7,634.68,89,400.0,0
14251,2,575.94,58,334.8,1
14256,260,484.53,365,207.0,0
14257,64,619.94,319,336.4,1
14258,9,1407.78,338,788.89,1
14259,142,120.0,142,68.0,0
14261,51,581.72,79,203.0,0
14262,8,327.28,241,205.62,1
14264,155,166.98,246,35.0,0
14265,109,265.09,149,165.0,0
14267,163,505.41,261,176.67,0
14270,332,492.65,332,197.0,0
14271,226,112.32,226,88.0,0
14272,74,218.98,254,299.5,0
14273,51,139.99,242,66.0,0
14276,99,373.25,290,248.0,0
14277,15,1405.4,212,661.33,0
14280,197,134.04,197,52.0,0
14282,3,248.62,368,177.87,1
14284,31,297.62,86,80.5,0
14285,21,477.5,177,135.25,0
14286,24,1542.92,243,1446.0,0
14287,8,58.88,199,87.0,0
14288,213,426.6,213,188.0,0
14289,9,151.88,290,48.67,1
14290,11,462.93,362,183.0,1
14291,2,353.02,275,249.91,1
14292,8,541.33,283,184.78,1
14293,3,261.64,369,177.25,0
14295,40,166.2,40,84.0,0
14297,18,326.33,275,216.25,0
14298,8,1171.08,360,1325.98,1
14299,8,440.62,366,238.78,1
14300,19,43.2,19,32.0,0
14301,117,640.14,117,606.0,0
14304,223,383.45,223,139.0,0
14305,71,619.65,135,363.0,0
14306,51,1046.66,86,537.5,0
14307,89,499.29,374,343.0,1
14309,8,261.39,358,181.44,1
14311,243,310.26,243,146.0,0
14312,47,268.6,337,168.67,1
14314,107,120.0,107,296.0,0
14315,45,413.52,266,170.17,1
14317,65,508.58,65,255.0,0
14320,207,238.9,333,162.5,0
14321,11,306.15,334,481.2,1
14323,115,302.53,239,175.0,0
14326,242,183.85,242,103.0,0
14327,163,311.65,163,139.0,0
14329,17,716.41,329,442.14,1
14331,124,231.33,135,126.0,0
14332,23,288.77,148,160.33,0
14333,68,415.2,68,58.0,0
14334,17,319.03,358,216.38,1
14335,16,234.13,96,189.5,0
14336,17,403.73,276,439.75,0
14338,161,294.11,196,167.5,0
14339,243,309.52,243,168.0,0
14340,219,134.7,219,58.0,0
14341,45,272.79,318,175.38,1
14342,21,167.14,210,86.75,0
14344,127,111.24,369,59.62,1
14345,39,108.98,39,50.0,0
14346,121,510.79,297,302.5,0
14348,260,409.57,260,183.0,0
14349,10,133.5,10,86.0,0
14350,274,282.93,274,183.0,0
14351,165,51.0,165,12.0,0
14352,157,269.74,273,134.5,0
14353,215,90.6,215,64.0,0
14354,6,81.81,30,105.0,0
14355,366,174.4,366,92.0,0
14356,80,350.62,81,138.5,0
14357,43,225.77,43,148.0,0
14359,19,304.06,88,123.67,0
14360,32,532.06,95,287.75,0
14362,22,161.2,22,100.0,0
14364,109,464.67,211,245.88,1
14367,8,578.84,276,277.38,1
14368,320,155.0,320,36.0,0
14371,295,100.5,295,34.0,0
14373,358,76.55,358,17.0,0
14375,185,257.68,185,194.0,0
14377,191,308.52,262,109.5,0
14379,44,174.05,295,146.0,0
14381,52,202.68,52,146.0,0
14382,26,626.07,26,1237.0,0
14383,38,415.9,164,272.33,0
14385,9,67.37,24,53.0,0
14386,297,142.4,297,54.0,0
14387,33,590.19,109,273.0,0
14388,10,401.6,373,242.62,1
14389,65,521.73,191,364.5,0
14390,10,516.98,373,237.33,1
14393,218,67.95,218,13.0,0
14395,2,389.75,372,188.11,1
14396,65,244.0,371,112.5,0
14397,3,137.52,214,99.47,1
14400,149,574.7,149,454.0,0
14401,4,311.65,360,346.69,1
14403,130,368.95,247,129.75,0
14404,34,245.72,369,139.83,1
14406,119,156.75,119,77.0,0
14407,107,359.62,277,235.83,1
14408,11,372.36,264,230.86,1
14409,71,343.24,368,205.0,1
14410,92,122.79,306,63.44,1
14411,311,1063.0,311,196.0,0
14412,43,385.02,73,393.0,0
14413,362,122.7,362,68.0,0
14414,92,213.85,359,358.86,1
14415,1,453.87,360,231.62,1
14416,22,245.11,42,163.0,0
14418,4,645.75,108,570.33,0
14419,11,176.34,365,81.17,1
14420,99,387.52,99,334.0,0
14421,57,406.56,212,182.5,0
14422,1,710.61,267,484.33,1
14423,218,265.2,218,120.0,0
14424,18,322.08,18,48.0,0
14426,24,448.17,313,269.9,1
14427,50,181.67,64,114.0,0
14428,7,248.97,325,87.2,1
14431,303,470.36,303,130.0,0
14432,10,375.92,89,345.0,1
14434,22,228.8,72,61.33,1
14436,99,89.06,99,129.0,0
14437,366,63.0,366,60.0,0
14438,306,131.9,306,82.0,0
14439,320,2661.24,320,526.0,0
14440,8,471.54,366,117.6,1
14441,1,428.22,256,111.5,0
14442,205,794.91,317,241.0,0
14443,54,355.05,369,234.5,0
14446,1,259.9,247,233.25,0
14447,19,232.65,281,114.2,1
14448,9,187.68,364,52.0,0
14449,19,226.78,372,189.25,0
14450,181,161.08,321,80.33,0
14451,60,331.3,195,194.5,0
14452,11,132.22,94,59.5,0
14453,190,119.93,190,49.0,0
14456,5,340.27,142,323.11,1
14457,311,113.64,311,88.0,0
14459,155,1837.92,155,760.0,0
14460,110,144.78,311,293.67,0
14461,148,701.02,262,255.33,0
14462,66,182.18,340,87.64,1
14463,98,176.54,205,59.67,0
14465,247,352.87,303,135.0,0
14466,29,324.63,372,143.71,1
14467,18,149.69,313,69.5,0
14470,12,230.6,288,96.5,0
14472,104,242.1,355,145.0,1
14473,74,117.17,282,44.0,0
14474,46,547.66,46,140.0,0
14475,72,308.62,305,149.0,0
14476,257,215.7,257,132.0,0
14477,20,327.4,297,180.0,0
14479,254,158.12,365,58.5,0
14480,11,279.05,11,143.0,0
14481,165,318.26,287,244.5,0
14482,18,344.69,239,274.33,1
14483,282,137.1,282,97.0,0
14484,50,321.92,50,210.0,0
14485,39,165.75,39,71.0,0
14487,27,199.39,368,122.5,1
14488,68,1064.28,68,799.0,0
14489,207,463.38,207,299.0,0
14491,175,170.46,373,69.5,0
14493,7,476.65,155,257.0,1
14494,26,139.56,26,92.0,0
14495,51,61.9,121,31.0,0
14496,312,269.41,373,79.5,0
14497,309,475.37,309,235.0,0
14498,43,391.46,362,219.6,1
14499,26,271.77,279,167.0,0
14500,88,118.95,190,39.0,0
14501,184,125.6,320,80.5,0
14502,20,224.61,313,136.18,1
14503,3,590.54,179,334.0,1
14504,47,168.32,278,77.0,0
14505,17,738.2,362,344.88,1
14506,17,402.43,369,146.0,1
14507,24,230.53,276,100.0,1
14508,22,138.21,90,65.5,0
14511,11,262.96,134,156.8,1
14512,188,137.64,232,61.0,0
14513,101,151.86,289,120.33,0
14514,61,351.78,331,196.33,0
14515,18,350.35,219,189.0,1
14517,33,165.22,142,45.5,0
14518,64,174.37,64,278.0,0
14520,2,135.3,291,73.0,0
14522,24,243.64,198,131.25,0
14523,108,241.09,108,251.0,0
14524,32,207.52,361,75.11,1
14525,20,481.36,361,299.56,1
14527,3,154.71,369,37.98,1
14528,37,364.22,37,278.0,0
14529,60,206.68,110,116.0,0
14530,26,487.65,297,235.0,1
14532,236,233.21,352,71.0,0
14533,25,278.53,353,574.14,1
14534,3,247.06,319,113.72,1
14535,60,954.73,249,610.33,0
14536,260,171.8,260,40.0,0
14537,58,355.56,58,120.0,0
14538,65,194.12,256,77.5,0
14539,16,268.74,45,214.0,0
14540,10,332.09,309,140.33,0
14541,59,182.71,319,80.88,1
14542,186,103.25,186,19.0,0
14543,29,226.9,365,42.44,1
14544,24,1012.22,362,771.5,0
14546,5,515.62,249,263.4,1
14547,4,500.94,54,333.5,1
14548,151,326.4,318,128.0,0
14549,311,289.24,311,136.0,0
14550,11,382.81,45,197.0,0
14551,18,93.12,204,53.0,0
14552,152,165.07,152,91.0,0
14553,19,171.85,339,98.6,1
14554,10,595.26,52,369.5,0
14555,57,162.07,302,65.0,0
14557,85,788.38,85,510.0,0
14560,7,101.72,358,57.27,1
14561,76,360.25,184,338.0,0
14562,4,281.93,304,101.89,1
14565,96,774.78,361,385.0,0
14566,111,1432.0,111,800.0,0
14567,57,765.18,130,206.0,0
14569,1,227.39,1,79.0,0
14570,281,109.03,281,47.5,0
14572,3,404.69,324,204.0,1
14573,180,183.71,372,60.44,1
14576,372,35.4,372,12.0,0
14577,13,214.93,363,88.25,0
14578,3,168.63,3,240.0,0
14581,17,138.6,17,217.0,0
14582,41,114.11,41,73.0,0
14583,6,210.51,206,158.4,1
14584,169,260.56,198,95.75,0
14585,50,157.05,50,91.0,0
14586,277,237.36,277,444.0,0
14587,19,177.9,331,84.56,1
14589,372,39.75,372,5.0,0
14591,15,361.78,213,324.25,0
14592,35,190.15,64,138.33,0
14593,22,206.0,199,110.67,0
14594,7,189.92,373,92.5,0
14595,20,290.1,313,163.0,1
14597,11,441.58,192,288.5,0
14598,44,221.97,44,189.0,0
14600,306,393.33,306,125.0,0
14601,11,213.96,11,168.0,0
14603,275,660.0,275,400.0,0
14606,1,130.72,373,66.92,1
14607,16,1183.54,261,840.43,1
14608,4,446.29,362,109.25,0
14609,72,150.39,297,1756.5,0
14616,243,135.36,318,34.67,0
14618,9,184.48,338,88.0,0
14619,246,394.44,246,152.0,0
14620,206,206.39,284,107.0,0
14621,1,357.67,358,198.6,1
14622,185,320.58,185,146.0,0
14623,32,177.85,235,83.8,1
14624,57,112.92,59,81.0,0
14625,196,449.82,361,167.5,0
14626,24,697.82,233,350.75,0
14628,91,335.98,242,136.0,0
14629,4,479.5,47,190.0,0
14631,51,335.66,299,207.33,0
14632,263,114.56,263,96.0,0
14633,266,344.9,266,96.0,0
14636,36,304.92,269,120.5,0
14638,51,443.6,51,166.0,0
14639,52,497.42,361,238.5,1
14640,24,354.18,228,147.67,1
14641,22,110.46,22,90.0,0
14642,59,96.12,59,76.0,0
14643,170,346.9,358,407.5,0
14644,68,415.38,298,129.0,0
14645,157,298.54,276,190.5,0
14646,2,3838.44,355,2697.47,1
14647,201,243.22,201,95.0,0
14649,5,354.32,212,254.5,0
14651,67,327.3,211,172.0,0
14652,77,114.18,77,53.0,0
14653,1,278.22,338,135.71,1
14655,8,483.06,222,272.25,0
14656,169,145.52,283,60.0,0
14657,18,212.06,326,116.5,0
14658,5,123.58,117,23.5,0
14659,9,281.1,316,132.78,1
14660,87,142.87,101,114.0,0
14661,27,107.95,27,35.0,0
14662,29,192.79,316,150.5,0
14664,20,318.94,33,233.0,0
14665,61,367.14,311,148.0,1
14666,24,195.25,24,161.0,0
14667,11,369.65,368,215.4,1
14669,242,423.33,333,258.33,0
14670,280,205.76,280,168.5,0
14672,235,382.78,336,227.0,0
14673,3,347.28,368,200.8,1
14675,16,604.75,16,341.0,0
14676,31,424.71,283,416.67,1
14680,25,1797.13,372,842.25,1
14681,71,166.32,212,25.33,0
14682,188,26.0,201,40.0,0
14684,26,247.26,363,170.6,1
14687,107,628.38,107,470.0,0
14688,8,268.14,374,172.43,1
14689,209,112.8,209,76.0,0
14690,44,185.85,152,85.0,0
14691,31,422.87,213,141.4,1
14692,137,147.89,322,66.25,0
14693,265,172.9,265,34.0,0
14696,4,296.99,373,232.86,1
14697,218,94.3,218,90.5,0
14698,2,250.15,51,123.0,1
14699,214,109.13,214,77.0,0
14700,32,745.1,238,447.33,0
14701,11,283.26,317,103.56,1
14702,1,193.66,365,85.53,1
14703,15,318.17,15,183.0,0
14704,11,171.88,180,120.22,1
14705,199,179.0,199,100.0,0
14708,3,375.46,369,207.0,0
14709,15,378.54,358,191.08,1
14710,14,151.53,59,94.5,0
14711,10,260.8,262,88.91,1
14712,29,305.69,112,105.0,0
14713,9,242.4,365,146.82,1
14714,24,160.19,24,229.0,0
14715,25,216.84,331,130.25,0
14716,43,164.84,149,302.0,0
14719,2,320.43,249,206.4,1
14720,6,221.27,127,73.0,0
14722,147,187.92,147,120.0,0
14723,10,193.05,371,115.83,1
14725,25,718.08,25,593.0,0
14727,274,268.58,274,62.0,0
14729,374,313.49,374,197.0,0
14730,1,250.63,277,141.5,1
14731,47,126.67,212,85.33,0
14732,8,337.81,339,175.62,1
14733,16,798.83,368,313.67,1
14735,4,189.55,358,70.75,1
14737,4,388.18,353,115.0,0
14738,43,187.78,316,85.86,1
14739,4,557.47,367,545.71,1
14740,197,482.74,284,245.0,0
14741,12,233.39,373,140.17,1
14744,16,157.14,367,89.57,1
14745,113,244.05,285,207.6,1
14747,249,328.2,249,84.0,0
14748,29,283.15,369,244.6,1
14752,44,389.64,44,260.0,0
14753,87,563.15,87,211.0,0
14754,45,319.02,296,243.0,0
14755,10,455.48,334,201.73,1
14756,15,738.96,15,416.0,0
14757,75,420.5,75,160.0,0
14758,145,371.02,260,104.75,0
14759,5,541.99,233,189.67,0
14760,297,89.2,297,40.0,0
14761,59,127.95,335,59.0,0
14762,264,300.52,264,341.0,0
14764,47,278.3,47,190.0,0
14765,29,84.7,176,45.0,0
14766,8,412.23,366,224.83,1
14768,17,96.3,127,26.0,0
14769,3,1334.34,358,929.5,1
14770,232,438.21,323,245.0,0
14772,112,139.26,112,82.0,0
14775,58,337.3,372,391.33,0
14776,51,230.75,312,284.91,1
14778,127,365.43,309,153.0,0
14779,281,128.72,324,28.0,0
14780,55,223.84,79,155.0,0
14782,320,200.1,320,114.0,0
14784,26,145.0,324,118.5,0
14785,10,38.7,15,42.0,0
14788,7,339.72,26,210.5,0
14789,29,197.64,29,116.0,0
14790,17,186.26,254,174.75,0
14792,64,6.2,64,2.0,0
14793,21,228.99,21,91.0,0
14794,3,188.56,334,96.14,1
14795,166,131.45,166,17.0,0
14796,1,471.91,367,354.41,1
14798,53,57.91,310,50.0,0
14799,51,157.7,51,146.0,0
14800,48,361.64,370,304.58,1
14801,61,193.14,61,175.0,0
14803,162,281.85,292,123.33,0
14804,9,353.27,9,121.0,0
14805,15,138.66,314,28.75,0
14806,75,193.39,75,330.0,0
14808,40,342.65,172,268.38,1
14810,41,189.81,370,92.36,1
14813,370,77.72,370,33.5,0
14815,37,389.25,68,372.0,0
14816,197,271.85,197,5.0,0
14817,200,555.17,277,327.5,0
14818,74,219.27,254,108.0,0
14819,64,136.04,192,54.5,0
14820,21,126.82,173,63.25,0
14821,367,48.8,367,20.0,0
14823,180,107.14,195,29.33,0
14824,10,281.93,91,131.25,0
14825,4,185.58,369,82.58,1
14828,197,713.25,337,724.0,0
14829,29,174.39,372,113.0,0
14830,53,197.13,53,169.0,0
14834,18,286.72,240,122.33,1
14836,10,34.15,30,15.0,0
14837,90,412.38,202,359.0,0
14840,268,62.85,268,31.0,0
14841,53,549.29,359,296.33,1
14842,44,706.17,308,291.5,0
14844,64,797.45,241,458.25,0
14847,149,309.4,149,120.0,0
14849,22,317.22,374,227.76,1
14850,312,325.75,312,293.0,0
14851,23,255.68,256,162.5,0
14852,58,472.78,252,291.17,1
14853,24,237.9,211,41.0,0
14854,78,394.26,275,261.71,1
14855,119,322.82,135,133.5,0
14856,36,437.13,57,238.0,0
14857,60,586.56,148,232.0,0
14859,13,338.44,204,167.75,0
14860,19,170.32,19,232.0,0
14861,52,125.79,52,117.0,0
14862,26,420.6,149,386.0,0
14863,29,266.76,29,132.0,0
14865,7,26.1,372,54.0,0
14866,11,1199.16,366,562.67,1
14867,186,236.76,336,109.33,0
14868,3,369.2,233,175.62,1
14869,9,362.85,103,275.0,0
14870,262,327.25,262,119.0,0
14871,3,130.6,361,46.25,0
14873,210,519.68,210,168.0,0
14875,108,732.66,263,279.0,0
14878,13,165.06,359,89.11,1
14880,77,235.4,289,124.33,0
14881,20,255.4,20,316.0,0
14882,27,294.85,34,79.0,0
14883,19,126.93,212,131.67,1
14885,132,765.32,132,724.0,0
14886,253,364.8,253,160.0,0
14887,79,1862.0,79,1100.0,0
14888,207,369.2,207,184.0,0
14889,336,135.9,336,90.0,0
14890,254,125.65,254,51.0,0
14891,148,277.19,188,252.5,0
14893,10,618.93,12,399.5,0
14894,85,655.75,85,265.0,0
14895,8,556.94,290,242.55,1
14896,205,234.39,366,139.5,0
14897,8,341.6,297,117.0,0
14898,23,217.25,371,170.0,1
14901,11,157.92,373,73.44,1
14902,26,332.66,26,218.0,0
14903,21,562.13,279,307.2,1
14904,2,512.72,26,992.5,0
14905,158,308.08,234,143.5,0
14907,3,500.16,368,241.57,1
14908,74,277.8,74,132.0,0
14910,3,108.59,55,59.5,0
14911,1,715.55,373,399.33,1
14912,17,433.92,247,485.5,0
14913,36,306.86,359,435.75,0
14915,91,153.74,278,56.0,0
14916,71,317.24,324,284.0,0
14918,116,805.08,155,337.5,0
14920,213,488.88,213,254.5,0
14921,30,658.04,201,476.5,0
14923,51,749.1,51,418.0,0
14924,246,310.05,246,64.0,0
14929,32,223.88,32,136.0,0
14930,109,790.95,274,388.67,0
14931,5,251.54,241,83.4,1
14932,366,363.53,366,80.0,0
14934,82,945.47,283,521.0,0
14935,297,1784.71,297,935.0,0
14936,34,1017.13,276,510.62,1
14937,57,540.63,130,161.33,0
14944,30,491.69,297,234.58,1
14946,14,100.9,14,22.0,0
14947,72,145.41,131,89.5,0
14948,23,183.66,219,112.17,1
14950,19,371.2,19,136.0,0
14951,79,311.69,79,311.0,0
14952,60,736.32,365,305.0,1
14953,25,289.82,25,225.0,0
14954,12,336.17,12,127.0,0
14957,253,58.49,253,34.0,0
14958,147,166.56,246,43.0,0
14959,64,173.86,296,123.5,0
14960,8,110.64,171,110.5,0
14961,11,782.74,361,412.0,1
14962,271,126.7,271,44.0,0
14963,10,297.56,184,235.2,1
14964,247,206.21,247,143.0,0
14965,96,299.5,96,182.5,0
14966,15,191.32,15,187.0,0
14967,50,463.8,50,140.0,0
14968,30,147.59,30,127.0,0
14970,68,398.02,317,62.5,0
14971,35,372.19,43,214.67,0
14972,128,114.77,128,28.0,0
14973,107,438.15,226,123.0,0
14974,37,114.39,37,44.0,0
14975,57,279.94,57,380.0,0
14976,57,112.98,327,33.43,1
14978,72,386.28,331,105.0,1
14981,246,102.12,246,97.0,0
14984,19,106.64,181,30.0,0
14985,198,148.38,358,130.0,0
14987,16,163.2,366,64.0,0
14988,212,334.54,212,141.0,0
14995,39,116.62,280,51.5,0
14997,46,182.07,178,373.33,0
14998,170,214.94,241,135.0,0
15000,48,490.52,48,218.0,0
15002,116,410.44,367,215.5,0
15004,147,1246.32,147,630.0,0
15005,16,225.59,366,151.68,1
15006,51,502.09,51,302.0,0
15007,159,156.91,159,69.0,0
15009,12,420.59,25,214.0,0
15010,36,308.94,36,184.0,0
15012,54,211.52,374,115.5,0
15014,43,130.08,176,75.5,0
15016,173,170.04,173,76.0,0
15017,34,125.58,34,63.0,0
15018,39,165.4,368,63.0,0
15019,267,266.0,267,159.0,0
15021,9,212.76,367,94.11,1
15022,12,226.26,47,135.75,0
15023,3,618.43,369,261.0,1
15024,10,166.13,367,92.0,1
15025,33,377.01,33,189.0,0
15026,80,156.33,277,95.0,0
15027,31,266.54,238,141.25,0
15028,8,156.78,369,114.75,0
15030,72,259.14,268,186.0,0
15031,4,167.04,282,100.25,0
15032,256,1653.03,366,989.33,0
15033,5,258.67,329,169.5,1
15034,16,538.58,354,302.75,1
15035,90,252.73,90,245.0,0
15036,72,155.18,180,109.0,0
15038,59,117.58,370,36.17,1
15039,10,423.71,369,195.94,1
15041,170,180.35,170,104.0,0
15042,199,135.93,199,30.0,0
15043,31,537.0,31,300.0,0
15044,19,452.95,362,164.41,1
15045,152,367.83,258,57.0,0
15046,9,347.58,338,230.07,1
15047,270,343.62,270,222.0,0
15048,65,96.01,369,48.75,0
15049,274,121.17,274,63.0,0
15050,25,594.03,71,408.0,0
15051,23,463.87,150,337.0,0
15052,319,215.78,319,82.0,0
15053,5,232.6,282,328.67,0
15054,12,151.05,40,99.0,0
15057,275,744.75,316,334.0,0
15058,25,193.18,312,97.18,1
15059,41,148.64,335,67.11,1
15060,8,75.77,9,65.75,0
15061,4,1136.13,372,602.5,1
15062,71,246.96,359,190.75,0
15063,213,370.8,213,56.0,0
15065,38,789.53,291,345.75,0
15066,53,893.59,53,317.0,0
15067,78,581.59,283,318.0,0
15068,46,276.68,256,182.0,0
15069,179,1109.53,179,520.0,0
15070,373,106.2,373,36.0,0
15071,94,491.04,276,134.5,0
15073,10,347.8,187,163.67,0
15074,105,748.87,105,455.0,0
15075,78,773.03,78,447.0,0
15076,173,880.85,173,571.0,0
15078,7,304.47,369,159.53,1
15079,213,223.9,366,97.25,0
15081,22,100.96,367,38.0,1
15083,257,88.2,257,38.0,0
15087,282,306.94,282,470.0,0
15088,21,580.04,67,230.0,0
15089,10,403.47,128,226.5,1
15090,308,381.32,308,208.0,0
15091,68,480.71,68,346.0,0
15092,215,228.9,284,67.5,0
15093,18,766.17,372,626.67,1
15095,104,342.65,203,269.75,0
15096,43,219.39,43,120.0,0
15097,4,248.08,4,170.0,0
15098,182,13305.5,182,40.33,0
15099,84,410.48,84,343.0,0
15100,334,292.0,374,26.67,0
15101,9,158.77,359,120.5,0
15103,31,351.68,86,164.5,0
15104,197,513.72,282,318.5,0
15105,18,328.42,135,173.0,1
15106,18,284.5,269,236.2,1
15107,311,53.25,372,28.17,1
15108,142,325.06,228,124.75,0
15109,246,484.95,246,131.0,0
15110,24,249.02,319,61.5,0
15111,29,522.49,373,236.67,0
15113,10,1203.11,54,795.33,0
15114,30,276.06,302,309.6,1
15115,18,340.11,18,157.0,0
15116,18,338.19,205,162.0,0
15117,15,310.36,216,389.6,1
15118,134,244.8,134,1440.0,0
15119,246,266.4,246,88.0,0
15120,134,358.82,134,296.0,0
15121,50,228.86,289,99.5,0
15122,114,544.59,298,266.67,0
15123,7,1099.66,206,597.5,0
15124,23,92.1,192,116.5,0
15125,25,768.57,271,412.87,1
15127,66,406.53,66,251.0,0
15128,60,367.75,220,335.75,0
15129,50,313.4,292,163.09,1
15130,170,330.11,170,197.0,0
15132,18,195.59,263,135.8,1
15133,128,327.47,302,226.67,0
15134,15,173.5,241,110.88,1
15135,239,139.05,239,43.0,0
15136,3,321.68,96,194.0,0
15139,240,89.48,337,104.0,0
15140,52,336.32,264,224.57,1
15142,46,498.74,46,365.0,0
15143,226,259.45,226,150.0,0
15144,8,387.08,312,179.41,1
15145,4,298.68,248,189.0,0
15146,165,663.58,291,736.5,0
15147,240,623.5,240,366.0,0
15148,11,301.29,11,187.0,0
15149,134,520.8,134,128.0,0
15150,17,531.45,269,365.8,1
15152,10,365.05,187,208.0,1
15153,31,329.25,31,198.0,0
15154,75,296.42,75,104.0,0
15156,1,320.5,34,199.0,0
15157,4,645.36,358,797.33,0
15158,45,401.4,45,198.0,0
15159,2,621.37,361,381.37,1
15160,357,158.16,357,84.0,0
15163,18,152.24,192,93.0,0
15164,69,281.02,339,120.0,0
15165,373,487.75,373,160.0,0
15167,321,163.0,321,67.0,0
15168,26,106.56,26,52.0,0
15171,331,1289.5,331,290.0,0
15172,9,324.81,237,322.2,1
15174,323,135.75,323,145.0,0
15175,72,224.14,72,454.0,0
15178,260,40.5,260,30.0,0
15179,18,441.39,319,387.6,1
15180,367,87.5,367,36.0,0
15181,66,229.83,270,181.33,0
15182,154,311.42,269,126.5,0
15184,29,203.38,191,111.5,0
15185,70,310.62,70,666.0,0
15186,14,205.7,168,107.5,0
15187,2,298.57,212,117.94,1
15189,1,395.74,333,149.98,1
15192,120,348.11,365,306.0,0
15193,61,499.32,61,144.0,0
15194,3,507.77,368,380.2,1
15195,3,3861.0,3,1404.0,0
15197,11,359.87,358,156.33,0
15198,92,96.82,124,60.0,0
15199,59,317.18,308,99.0,0
15201,87,247.31,247,242.0,1
15203,26,304.63,312,292.17,1
15204,357,316.58,357,258.0,0
15205,85,326.62,127,189.0,0
15206,10,105.08,276,40.5,0
15208,1,174.02,353,63.2,1
15210,225,331.18,225,228.0,0
15211,60,447.21,365,120.0,0
15212,241,101.8,241,36.0,0
15213,319,164.18,330,136.0,0
15214,2,207.68,243,156.75,1
15215,47,244.98,97,75.0,0
15216,88,96.6,88,28.0,0
15218,11,523.35,319,302.64,1
15219,176,305.75,176,45.0,0
15220,52,296.49,281,232.17,1
15221,366,403.25,366,43.0,0
15222,319,585.0,319,440.0,0
15223,226,377.88,250,106.5,0
15224,358,161.04,363,76.0,0
15225,234,409.4,234,226.0,0
15226,311,154.41,311,71.0,0
15227,37,243.88,317,150.0,1
15228,66,846.68,295,563.75,0
15230,239,214.8,241,175.5,0
15232,113,306.03,141,343.0,0
15234,277,197.0,277,196.0,0
15235,218,187.29,373,110.33,1
15236,299,321.05,299,269.0,0
15237,2,353.08,227,267.75,0
15238,29,357.33,184,230.67,0
15239,10,390.3,79,297.0,0
15240,45,341.31,312,273.8,1
15241,67,219.56,284,227.25,1
15243,74,316.68,74,185.0,0
15244,65,315.79,248,202.5,0
15245,134,838.61,261,594.67,0
15246,238,257.08,359,123.5,0
15247,122,356.0,122,160.0,0
15249,32,514.5,257,275.15,1
15251,9,953.18,242,561.0,1
15252,36,370.39,183,261.0,0
15253,16,183.64,170,173.2,1
15254,127,300.36,127,275.0,0
15255,67,890.85,67,489.0,0
15256,149,98.45,149,55.0,0
15257,283,317.15,283,46.0,0
15258,169,311.58,217,71.0,0
15260,100,258.68,373,126.43,1
15261,135,254.82,135,270.0,0
15262,324,178.95,324,73.0,0
15263,107,156.51,107,89.0,0
15264,64,393.74,64,265.0,0
15265,151,753.06,236,306.0,0
15266,338,119.3,338,18.0,0
15267,22,343.47,183,188.8,1
15269,24,408.8,24,26.0,0
15270,16,339.93,310,217.29,1
15271,7,167.14,365,84.13,1
15272,57,360.97,86,155.0,0
15274,4,358.28,18,309.5,0
15275,38,615.14,38,498.0,0
15276,66,135.31,66,64.0,0
15277,47,255.9,47,205.0,0
15279,355,290.51,355,189.0,0
15280,172,113.12,172,154.0,0
15281,59,259.13,333,134.56,1
15286,50,240.55,50,55.0,0
15287,22,243.34,71,216.5,0
15288,43,461.3,365,155.0,1
15289,29,313.26,250,336.0,0
15290,5,441.29,359,250.06,1
15291,26,311.22,374,140.2,1
15292,201,180.94,201,56.0,0
15296,51,612.14,327,294.33,1
15297,10,213.98,64,97.33,0
15298,2,399.99,366,259.67,1
15299,67,643.86,372,421.14,1
15300,64,496.44,64,292.0,0
15301,51,422.53,369,231.25,1
15303,290,574.02,290,248.0,0
15304,61,86.8,369,13.0,1
15306,64,391.45,148,270.0,0
15307,96,205.3,96,37.0,0
15308,274,310.47,274,175.0,0
15311,1,667.78,374,419.71,1
15312,75,231.21,354,129.0,0
15313,110,52.0,110,25.0,0
15314,199,327.97,199,313.0,0
15315,64,285.25,116,431.0,0
15316,327,165.0,327,100.0,0
15318,4,312.62,4,642.0,0
15319,284,204.5,284,175.0,0
15320,44,267.13,44,326.0,0
15321,71,916.1,292,393.67,0
15322,86,679.68,86,416.0,0
15325,104,162.29,104,232.0,0
15326,334,311.71,334,386.0,0
15327,53,208.75,53,116.0,0
15329,39,349.9,172,162.0,0
15330,32,357.48,61,656.0,0
15332,366,415.26,370,163.0,0
15333,208,1028.56,208,344.0,0
15334,157,117.22,173,91.33,0
15335,54,173.97,54,80.0,0
15339,66,287.04,318,208.0,0
15341,81,2020.52,81,812.0,0
15342,130,406.09,130,283.0,0
15343,87,364.5,87,84.0,0
15344,1,187.98,74,38.67,0
15345,46,393.54,46,81.0,0
15346,333,252.42,333,144.0,0
15347,366,201.6,366,130.0,0
15348,72,158.04,72,84.0,0
15349,158,236.9,187,163.5,0
15350,373,115.65,373,51.0,0
15351,12,280.02,370,107.57,1
15353,255,388.51,368,171.5,0
15355,29,138.52,53,22.5,0
15356,31,276.65,368,167.3,1
15358,5,379.42,366,320.45,1
15360,40,427.93,40,223.0,0
15361,362,418.92,362,336.0,0
15363,373,326.0,373,144.0,0
15364,96,456.6,254,246.5,0
15365,26,330.62,315,154.86,1
15366,75,301.26,358,310.5,0
15367,57,469.4,275,264.25,0
15368,21,446.94,21,230.0,0
15370,41,340.86,333,118.57,1
15372,137,2007.4,137,2924.0,0
15373,8,201.33,371,41.67,1
15374,129,168.0,129,126.0,0
15376,40,411.12,222,206.33,0
15379,169,529.04,358,329.29,1
15380,9,338.05,365,75.2,1
15381,214,298.42,268,85.5,0
15382,15,992.62,296,668.67,1
15384,170,321.2,360,298.0,0
15385,40,316.88,40,161.0,0
15386,186,394.14,186,446.0,0
15388,270,140.54,270,88.0,0
15389,172,500.0,172,400.0,0
15392,5,383.88,360,319.25,0
15393,16,115.93,281,75.0,0
15394,10,545.88,359,227.5,0
15395,326,107.45,326,17.0,0
15396,113,288.18,113,122.0,0
15397,290,94.0,290,20.0,0
15398,16,672.76,78,384.5,0
15399,1,271.92,79,203.67,0
15400,92,143.24,279,78.0,1
15402,149,313.38,196,347.0,0
15405,189,349.1,189,193.0,0
15406,31,255.36,301,127.0,0
15407,34,264.11,305,139.5,0
15408,264,267.18,264,106.0,0
15410,84,431.36,262,150.0,1
15411,26,339.72,183,132.5,0
15412,171,190.53,171,108.0,0
15414,10,258.3,242,147.67,0
15415,313,572.81,313,575.0,0
15416,65,996.08,283,522.5,0
15417,85,508.8,85,284.0,0
15419,25,135.86,25,230.0,0
15421,59,237.59,310,125.0,0
15422,323,48.85,323,19.0,0
15423,38,43.5,38,101.0,0
15424,254,191.67,254,277.0,0
15426,19,289.48,369,134.8,1
15427,33,494.38,47,337.67,0
15428,15,93.78,15,102.0,0
15429,27,198.68,75,190.0,0
15432,23,171.19,23,65.0,0
15433,214,266.65,267,267.0,0
15434,8,208.3,200,129.4,1
15435,22,149.29,22,54.0,0
15436,12,374.18,234,204.33,0
15437,262,200.16,262,79.0,0
15438,131,156.58,131,59.0,0
15440,55,127.89,209,65.67,0
15442,249,594.0,249,120.0,0
15443,2,462.42,320,237.57,1
15444,9,709.13,40,382.0,0
15445,264,113.5,264,58.0,0
15447,331,155.17,331,85.0,0
15448,313,494.64,313,232.0,0
15449,26,324.84,262,270.67,0
15450,30,429.84,30,376.0,0
15452,30,179.58,264,94.33,0
15453,2,198.34,188,120.71,1
15454,362,179.1,362,86.0,0
15456,283,149.07,359,220.0,0
15457,262,237.07,262,132.0,0
15458,25,161.64,25,156.0,0
15460,354,216.76,354,109.0,0
15462,94,78.2,187,57.33,0
15463,29,126.14,29,106.0,0
15464,338,1048.85,338,350.0,0
15465,20,408.59,370,69.83,1
15466,85,334.53,85,246.0,0
15467,9,174.96,152,103.33,0
15468,51,233.76,51,77.5,0
15469,50,269.27,120,76.5,0
15471,2,469.48,2,266.0,0
15472,113,371.56,113,251.0,0
15473,14,253.03,61,96.0,1
15475,77,454.11,77,319.0,0
15478,40,720.71,57,292.5,0
15480,116,905.5,116,303.0,0
15482,16,921.25,359,418.33,1
15483,161,58.45,267,73.75,0
15484,1,898.58,78,788.0,0
15485,30,858.33,373,435.33,0
15488,93,91.32,93,73.0,0
15489,23,378.09,211,202.67,0
15491,95,516.68,236,274.33,1
15492,28,329.73,74,241.5,0
15493,33,400.36,271,112.0,1
15494,21,649.62,121,574.0,0
15497,18,631.1,320,312.0,0
15498,3,493.2,367,226.11,1
15500,8,282.89,81,143.0,0
15502,16,865.41,369,353.0,1
15503,363,147.09,363,74.0,0
15504,81,52.83,81,33.0,0
15505,53,722.19,155,478.0,1
15506,23,326.42,139,282.67,0
15507,172,492.36,172,162.0,0
15508,189,166.71,235,73.33,1
15510,331,250.0,331,2.0,0
15511,12,181.85,85,54.2,1
15512,156,60.5,360,34.0,0
15513,33,776.75,374,300.47,1
15514,12,376.31,364,196.36,1
15516,45,20.81,47,9.0,0
15517,233,267.03,233,293.0,0
15518,64,242.81,332,159.12,1
15520,2,343.5,2,314.0,0
15521,40,375.02,255,229.5,1
15522,33,199.42,88,286.5,0
15523,84,412.01,84,132.0,0
15524,25,440.0,25,4.0,0
15525,2,275.31,373,138.67,0
15526,33,74.22,33,12.0,0
15527,19,303.72,354,124.0,1
15528,254,229.33,254,123.0,0
15529,23,363.2,367,317.82,1
15530,22,375.59,247,237.5,0
15531,8,1003.72,30,552.5,0
15532,25,395.23,358,130.25,0
15533,19,269.19,89,96.33,0
15535,173,134.1,328,35.75,0
15537,163,110.92,163,29.0,0
15539,7,538.46,7,410.0,0
15540,11,213.3,11,200.0,0
15541,114,85.13,114,49.0,0
15543,288,127.86,288,86.0,0
15544,9,394.08,373,345.44,1
15545,54,146.36,371,81.5,0
15547,7,353.92,362,288.0,1
15549,77,564.42,316,232.67,0
15550,4,143.91,302,73.75,0
15551,37,436.06,37,218.0,0
15552,217,90.12,217,60.0,0
15553,60,437.23,60,451.0,0
15554,278,217.2,278,74.0,0
15555,12,300.32,369,277.44,1
15556,24,279.77,24,236.0,0
15557,29,473.65,29,219.0,0
15561,12,200.15,216,66.75,0
15562,352,134.55,352,39.0,0
15563,22,350.11,359,375.25,0
15565,50,86.58,71,30.0,0
15567,19,186.01,19,223.0,0
15568,3,252.76,73,153.67,0
15569,104,275.14,332,133.2,1
15570,7,347.13,369,172.25,1
15571,12,162.61,78,66.0,0
15572,5,364.69,278,175.57,1
15573,32,303.73,86,181.5,0
15574,178,175.56,372,87.25,0
15576,38,940.67,38,404.0,0
15577,151,86.29,305,29.67,0
15578,162,127.1,162,52.0,0
15579,69,174.3,314,60.0,0
15581,121,283.07,366,22.0,1
15582,25,227.64,220,151.0,0
15584,24,181.28,162,78.5,0
15585,177,455.3,177,320.0,0
15587,50,228.42,352,78.0,0
15589,256,159.51,311,81.0,0
15592,47,388.58,47,354.0,0
15593,71,199.8,71,60.0,0
15594,16,354.36,235,196.6,1
15596,101,281.32,365,112.2,1
15597,35,324.57,35,279.0,0
15598,53,240.68,53,160.0,0
15599,27,380.87,204,359.0,0
15601,11,484.04,373,355.93,1
15602,8,144.21,368,126.33,1
15603,79,48.48,79,96.0,0
15604,52,216.39,52,159.0,0
15605,36,239.65,373,88.2,1
15606,61,324.46,325,99.11,1
15607,337,104.76,337,202.0,0
15608,28,273.42,121,178.5,0
15609,184,298.48,184,148.0,0
15610,52,112.46,52,66.0,0
15611,10,122.42,335,38.77,1
15612,36,97.58,62,26.0,0
15615,10,452.16,359,239.48,1
15618,33,194.21,137,113.5,0
15619,11,336.4,11,136.0,0
15620,57,517.73,358,305.0,0
15621,4,323.26,22,125.25,0
15622,43,412.17,282,186.0,1
15623,141,301.03,141,125.0,0
15624,117,147.03,256,89.25,0
15625,104,383.56,235,297.0,0
15626,75,337.9,330,383.0,0
15628,5,318.92,367,210.44,1
15630,45,593.17,205,400.0,0
15632,16,410.66,275,263.62,1
15634,17,243.55,17,99.0,0
15636,90,362.38,282,142.0,0
15637,53,223.36,53,128.0,0
15639,134,425.32,134,323.0,0
15640,4,834.38,372,440.47,1
15641,105,471.8,359,390.5,0
15643,192,221.33,282,82.0,0
15644,166,203.25,261,139.25,0
15645,19,612.01,19,256.0,0
15646,158,149.21,372,131.33,0
15648,204,328.68,267,110.5,0
15649,336,408.0,368,96.0,0
15651,37,215.43,261,159.67,0
15652,91,337.74,91,208.0,0
15653,93,438.72,116,600.0,0
15654,9,461.26,26,237.5,0
15655,243,560.67,243,324.0,0
15656,45,187.12,284,85.75,0
15657,23,30.0,23,24.0,0
15658,190,204.82,373,48.4,1
15659,44,306.45,44,111.0,0
15660,25,177.87,366,116.67,1
15661,317,154.9,339,118.0,0
15663,106,138.14,106,106.0,0
15664,51,386.43,51,157.0,0
15665,168,1121.01,243,833.0,0
15667,40,301.32,40,240.0,0
15668,218,76.32,218,72.0,0
15669,40,171.08,264,85.5,0
15670,297,173.05,297,91.0,0
15671,19,379.59,271,242.71,1
15673,88,720.26,327,378.5,0
15674,73,489.32,255,255.0,1
15675,81,107.9,280,175.67,0
15676,19,1145.25,284,750.67,0
15677,49,657.23,49,319.0,0
15678,53,352.7,53,184.0,0
15679,24,195.32,183,292.5,0
15680,9,444.56,366,317.33,0
15681,25,285.23,280,163.2,1
15683,117,193.75,117,131.0,0
15687,9,332.57,330,145.56,1
15689,120,127.05,362,42.0,0
15690,4,119.88,101,204.0,0
15691,252,136.8,252,72.0,0
15692,28,191.04,28,138.0,0
15694,1,462.81,373,119.79,1
15695,267,204.99,267,106.0,0
15696,33,342.06,327,128.5,1
15699,18,309.65,18,113.0,0
15700,172,348.34,173,178.5,0
15701,2,385.54,111,230.75,0
15703,265,211.5,265,66.0,0
15704,140,573.4,216,257.0,0
15705,201,143.1,201,62.0,0
15706,64,265.14,116,80.25,0
15707,35,236.4,86,151.25,0
15708,41,480.61,370,181.0,1
15709,284,133.25,284,121.0,0
15712,9,214.47,288,97.2,1
15713,143,178.35,366,75.0,0
15714,12,165.44,78,93.5,0
15716,146,279.7,370,186.0,0
15717,234,150.3,234,70.0,0
15719,33,388.12,338,209.62,1
15720,24,598.73,24,281.0,0
15721,12,507.08,12,409.0,0
15722,36,444.51,291,205.2,1
15723,365,203.1,365,87.0,0
15724,201,109.12,285,36.5,0
15725,15,415.25,15,221.0,0
15727,17,739.85,359,437.86,1
15729,213,85.0,213,28.0,0
15730,66,373.63,207,229.67,0
15732,212,147.06,372,107.5,0
15733,283,162.3,283,62.0,0
15734,115,669.72,200,173.0,0
15737,15,150.64,243,74.88,1
15738,19,300.78,373,186.38,1
15739,66,449.12,66,472.0,0
15740,49,154.88,49,152.0,0
15743,16,196.12,185,54.0,0
15744,78,34.8,78,120.0,0
15745,19,273.65,236,105.25,0
15746,134,196.88,134,178.0,0
15747,13,324.68,173,160.0,0
15748,40,149.31,40,51.0,0
15749,235,14844.77,332,6009.33,0
15750,3,308.18,367,223.25,1
15752,40,376.77,373,282.57,1
15753,305,79.2,305,144.0,0
15754,51,152.86,247,66.33,0
15755,10,394.04,295,237.83,1
15756,61,133.24,249,60.5,0
15757,66,357.21,218,245.5,0
15758,25,205.25,25,47.0,0
15759,218,84.35,358,20.0,0
15762,65,291.88,77,125.5,0
15763,32,543.46,78,135.5,0
15764,88,546.66,277,341.67,1
15766,64,315.06,64,170.0,0
15768,116,207.28,226,81.33,0
15769,7,2163.57,371,1141.23,1
15773,6,635.68,6,311.0,0
15774,69,270.8,69,87.0,0
15775,245,104.9,245,68.0,0
15776,133,241.62,133,138.0,0
15777,241,261.78,361,94.5,0
15780,184,158.43,358,73.33,0
15781,25,115.15,306,60.0,0
15782,10,871.58,89,288.0,0
15783,11,246.3,11,212.0,0
15785,33,465.79,295,322.4,1
15786,46,1644.07,114,1121.33,0
15787,26,316.02,61,180.0,0
15789,358,351.3,358,438.0,0
15790,10,220.85,10,114.0,0
15791,44,806.34,204,365.5,0
15793,15,321.87,269,184.33,0
15795,150,610.01,150,581.0,0
15796,1,338.94,302,107.62,1
15797,113,551.85,319,218.25,0
15799,76,294.71,334,318.33,0
15800,107,349.54,247,167.5,0
15801,46,354.65,110,190.0,0
15802,143,451.42,143,1.0,0
15803,51,415.82,51,290.0,0
15804,1,323.57,199,197.31,1
15805,23,325.2,365,199.24,1
15806,46,261.53,277,200.67,0
15807,50,301.3,77,143.33,0
15808,306,933.74,369,335.75,0
15809,36,103.15,303,60.2,1
15810,79,348.0,297,215.25,0
15811,22,369.77,365,178.5,1
15812,107,360.23,318,184.4,1
15813,208,651.95,240,301.5,0
15814,17,486.33,51,317.75,0
15815,64,420.12,260,371.2,1
15819,49,476.36,277,339.25,0
15820,320,206.98,320,128.0,0
15821,44,285.48,61,101.0,0
15822,3,442.74,359,187.5,0
15823,372,15.0,372,1.0,0
15825,172,532.94,172,220.0,0
15826,56,551.44,211,321.0,0
15827,73,131.15,372,63.0,1
15829,99,318.07,141,498.0,0
15830,38,576.0,38,415.0,0
15831,58,267.25,324,368.33,0
15832,254,836.79,254,465.0,0
15834,70,558.44,277,241.25,0
15835,44,238.52,331,109.75,0
15836,50,137.37,50,26.0,0
15837,65,391.98,65,189.0,0
15838,11,1770.69,368,966.74,1
15839,33,349.5,148,225.0,0
15840,59,177.78,173,198.0,0
15841,73,306.02,339,235.5,0
15843,304,118.95,304,27.0,0
15844,46,130.74,46,134.0,0
15845,18,463.97,337,240.75,1
15847,38,194.64,288,224.5,0
15850,19,119.42,168,151.0,0
15852,187,80.36,197,24.0,0
15853,52,110.8,52,135.0,0
15854,4,247.89,362,78.25,1
15855,137,142.45,264,94.0,1
15856,4,606.95,365,407.59,1
15857,19,297.0,19,308.0,0
15858,16,287.77,367,233.4,1
15860,41,122.15,369,55.0,1
15861,12,395.67,267,318.0,1
15862,8,208.22,374,146.25,0
15863,26,34.42,193,9.5,0
15864,22,322.72,316,198.67,1
15865,41,298.38,214,122.67,0
15866,101,230.53,101,126.0,0
15867,5,254.18,369,136.93,1
15869,277,74.82,277,87.5,0
15870,33,354.09,33,335.0,0
15872,15,180.46,15,106.0,0
15874,64,629.41,284,362.0,1
15877,2,246.64,18,185.5,0
15880,369,343.28,369,211.0,0
15881,312,100.28,364,52.0,1
15882,199,129.09,368,69.0,0
15883,2,198.24,33,111.5,0
15885,93,126.45,309,37.0,0
15886,60,181.09,60,147.0,0
15888,81,168.31,81,76.0,0
15889,157,223.44,369,107.5,0
15891,227,524.52,227,442.0,0
15894,253,131.78,369,84.0,0
15895,150,179.17,150,94.0,0
15897,194,111.02,194,130.5,0
15898,1,277.78,369,114.0,1
15899,369,56.25,369,39.0,0
15900,24,351.11,24,221.0,0
15901,17,121.29,155,128.0,0
15903,10,732.39,295,344.29,1
15904,8,164.68,8,84.0,0
15906,20,223.96,255,77.71,1
15907,4,322.48,210,169.67,0
15909,174,191.94,174,98.0,0
15910,1,154.02,317,126.88,1
15912,178,132.31,233,92.5,0
15916,16,191.01,366,94.62,1
15917,248,123.1,248,42.0,0
15918,191,167.12,271,76.5,0
15919,20,319.94,369,272.5,0
15920,154,41.88,154,24.75,0
15921,173,336.03,173,166.0,0
15922,373,369.5,373,138.0,0
15923,373,127.08,373,122.0,0
15925,194,207.15,194,93.0,0
15930,67,426.63,67,139.0,0
15932,4,311.98,289,290.62,1
15933,21,369.15,87,295.0,0
15935,239,208.43,242,57.5,0
15937,64,145.35,64,73.0,0
15938,112,80.92,324,48.0,1
15939,90,407.67,332,315.2,1
15940,311,35.8,311,4.0,0
15942,134,337.44,134,232.0,0
15944,277,325.1,277,50.0,0
15945,365,181.0,365,52.0,0
15947,83,1708.24,83,898.0,0
15948,8,477.62,44,283.5,0
15949,17,182.36,71,142.0,0
15950,32,441.38,360,182.25,0
15951,9,354.11,286,156.5,0
15952,34,201.64,225,99.75,0
15953,15,207.42,369,111.5,1
15955,24,315.45,373,152.5,1
15957,32,428.89,32,211.0,0
15958,74,104.35,74,33.0,0
15963,20,235.38,45,149.0,0
15965,17,211.41,367,113.25,0
15967,23,209.42,319,105.5,0
15969,3,222.03,186,41.33,0
15970,304,314.1,304,116.0,0
15971,18,349.99,311,143.08,1
15973,367,307.82,367,106.0,0
15974,39,491.74,289,323.14,1
15975,84,371.01,84,243.0,0
15976,165,215.47,220,138.5,0
15977,17,527.36,39,508.0,0
15978,77,1098.78,77,888.0,0
15980,89,799.62,254,520.0,0
15981,25,426.06,311,233.25,1
15983,22,368.76,374,223.0,0
15984,3,283.77,368,184.3,1
15985,123,571.21,237,543.0,0
15986,30,168.12,30,268.0,0
15987,12,207.33,369,222.29,1
15988,19,158.03,19,181.0,0
15990,44,396.06,287,221.5,0
15992,4,41.99,4,17.0,0
15993,9,399.65,44,293.0,1
15994,55,427.07,55,177.0,0
15996,88,176.78,366,64.0,1
15998,37,617.99,362,408.2,1
16000,3,4131.23,3,1703.33,0
16003,30,547.07,360,237.0,1
16005,12,153.85,271,75.0,0
16006,211,101.4,211,84.0,0
16007,48,425.48,215,348.25,0
16008,24,159.59,205,107.67,0
16009,22,248.18,160,94.5,0
16010,246,135.83,363,70.0,0
16011,8,210.17,366,127.62,1
16012,35,471.76,155,266.33,0
16013,4,790.01,371,330.55,1
16014,38,220.79,291,88.33,0
16015,4,235.13,49,303.0,0
16016,3,188.6,367,77.5,1
16017,47,211.88,47,102.0,0
16018,39,204.45,180,95.0,0
16019,47,420.69,365,192.56,1
16020,17,283.67,65,162.33,0
16022,260,628.28,260,261.0,0
16023,46,239.94,266,119.33,0
16024,12,251.24,12,398.0,0
16025,30,439.66,30,338.0,0
16026,43,236.09,43,243.0,0
16027,92,155.77,303,191.17,1
16029,39,1286.11,374,638.22,1
16030,310,331.24,310,283.0,0
16031,92,274.47,247,211.5,0
16033,6,440.82,370,176.95,1
16034,196,145.9,333,80.67,0
16036,87,379.46,263,358.0,0
16037,270,285.01,359,142.67,0
16038,8,157.26,202,81.33,0
16040,65,437.85,269,228.0,0
16041,31,1055.47,141,528.0,0
16042,22,239.45,332,151.0,1
16043,38,193.5,318,125.75,0
16045,120,335.18,290,224.25,0
16048,373,128.22,373,72.0,0
16049,40,370.6,75,264.33,0
16050,174,137.9,174,278.0,0
16052,54,362.06,54,282.0,0
16053,33,755.98,122,896.5,0
16054,145,783.9,145,380.0,0
16055,221,134.8,221,22.0,0
16056,45,664.85,45,347.0,0
16057,16,323.3,285,123.29,1
16059,66,243.31,368,107.17,1
16062,10,288.4,365,200.0,0
16063,260,335.32,260,262.0,0
16065,365,372.09,365,231.0,0
16066,17,304.37,124,187.2,1
16070,22,426.08,32,228.5,0
16071,45,326.24,45,180.0,0
16072,288,584.32,288,140.0,0
16073,297,122.4,297,48.0,0
16076,3,223.47,209,143.5,1
16078,284,79.2,284,16.0,0
16079,17,450.67,40,288.0,0
16080,82,108.58,274,64.0,0
16081,56,561.38,367,295.4,1
16083,101,658.81,361,454.0,0
16084,299,436.18,299,216.0,0
16085,23,196.3,321,127.2,1
16086,59,224.28,367,102.2,1
16091,155,157.53,199,77.0,0
16092,115,272.62,254,209.33,0
16093,107,17.0,107,20.0,0
16094,12,269.56,219,161.75,0
16096,264,320.62,264,155.0,0
16097,240,185.05,240,87.0,0
16098,88,286.52,374,87.57,1
16099,50,243.97,226,144.67,0
16101,71,1290.7,71,757.0,0
16102,42,614.05,129,314.0,0
16103,7,238.27,234,93.0,1
16104,62,302.36,62,123.0,0
16105,249,336.96,249,330.0,0
16106,66,108.38,66,74.0,0
16107,18,457.74,183,168.0,1
16108,85,842.5,85,615.0,0
16109,219,305.94,309,306.0,0
16110,45,445.83,311,244.33,0
16112,143,48.94,339,143.5,0
16113,183,161.38,183,176.0,0
16114,171,135.75,171,43.0,0
16115,10,208.5,293,125.12,1
16116,212,612.78,212,248.0,0
16117,190,232.21,190,130.0,0
16119,8,211.68,73,120.0,0
16120,59,327.29,59,219.5,0
16121,57,433.56,216,293.0,0
16122,73,171.1,367,282.0,0
16123,52,307.78,52,170.0,0
16124,317,249.0,317,48.0,0
16125,367,289.35,367,124.0,0
16126,29,1571.94,297,531.25,0
16127,39,656.25,39,323.0,0
16128,18,376.04,283,197.6,1
16131,52,584.42,240,300.33,1
16133,4,442.09,318,269.3,1
16134,22,309.04,359,185.5,0
16135,263,517.55,263,209.0,0
16136,60,236.46,278,146.67,0
16139,19,211.8,207,110.0,0
16140,66,362.59,371,365.0,0
16141,88,620.4,88,238.0,0
16142,250,535.34,250,422.0,0
16143,3,404.16,369,153.17,1
16144,247,175.2,247,16.0,0
16145,9,345.41,360,283.91,1
16146,157,244.71,232,142.33,0
16147,134,375.0,134,246.0,0
16148,296,76.32,296,72.0,0
16149,5,140.26,142,154.0,0
16150,43,410.6,372,209.4,1
16152,269,1829.04,269,642.0,0
16153,50,364.85,355,214.6,1
16156,9,346.89,311,145.33,1
16157,16,218.9,73,115.67,0
16159,282,348.2,282,236.0,0
16160,65,512.72,86,581.0,0
16161,2,293.45,369,136.79,1
16162,252,37.4,252,4.0,0
16163,232,428.3,365,96.0,0
16164,17,274.16,43,144.33,0
16168,11,140.28,370,70.07,1
16169,8,455.74,76,331.25,0
16170,51,314.18,248,295.0,1
16171,59,73.2,59,24.0,0
16172,95,228.04,242,157.4,1
16173,16,236.39,98,95.83,1
16174,126,336.52,152,217.0,0
16175,94,259.4,240,133.25,0
16177,50,331.95,50,95.0,0
16178,138,197.9,138,94.0,0
16179,61,215.83,61,99.0,0
16180,100,1281.77,253,733.38,1
16181,73,305.54,73,152.0,0
16182,72,1654.41,295,947.75,0
16183,67,338.71,67,113.0,0
16184,64,193.13,211,93.5,1
16185,17,264.7,233,130.0,0
16186,23,333.91,372,251.67,1
16187,32,460.76,284,336.53,1
16188,45,245.46,243,195.5,0
16189,16,107.74,85,67.0,0
16190,40,215.08,40,88.0,0
16191,3,398.5,361,257.77,1
16193,237,314.45,237,219.0,0
16198,75,400.68,75,129.0,0
16200,4,540.31,164,261.5,0
16201,3,465.87,110,321.5,0
16202,361,365.27,361,191.0,0
16203,59,148.22,372,65.5,0
16204,23,405.71,23,231.0,0
16205,31,190.34,180,129.25,0
16206,55,134.27,328,68.0,0
16207,25,394.38,25,140.0,0
16208,45,332.13,289,166.5,0
16209,89,452.52,247,235.8,1
16210,2,1171.46,374,419.94,1
16211,89,547.02,89,154.0,0
16212,19,345.17,283,122.0,0
16213,79,159.0,79,48.0,0
16214,171,354.25,269,140.0,0
16215,81,242.35,81,104.0,0
16216,267,914.93,267,254.0,0
16217,235,152.12,282,45.5,0
16218,30,440.67,374,298.29,1
16221,37,288.29,367,239.0,0
16222,318,846.72,318,365.0,0
16224,57,323.82,250,279.0,0
16225,45,219.26,278,98.6,1
16226,203,85.04,235,64.0,0
16227,225,314.22,225,90.0,0
16229,87,505.3,213,159.0,0
16230,190,271.02,220,182.5,0
16232,44,247.72,215,137.5,0
16233,71,178.89,366,58.0,0
16235,41,173.46,332,66.0,1
16236,78,432.2,78,184.0,0
16239,57,207.1,190,114.0,0
16240,24,1859.4,77,820.5,0
16241,10,200.61,370,111.77,1
16242,8,514.74,277,283.14,1
16243,34,204.55,55,55.0,0
16244,212,761.38,373,427.5,0
16245,24,471.22,257,338.0,0
16247,170,114.56,170,182.0,0
16248,62,152.94,62,78.0,0
16249,53,360.01,239,190.0,1
16250,261,194.72,374,104.0,0
16253,67,1841.93,255,1616.5,0
16255,17,327.49,365,220.88,1
16256,267,752.43,267,581.0,0
16257,177,46.95,177,2.0,0
16258,45,1040.7,219,598.8,1
16260,51,1035.45,51,311.0,0
16261,17,186.71,246,76.5,0
16265,9,605.22,365,294.0,1
16266,74,123.13,206,56.86,1
16268,71,333.82,71,266.5,0
16270,353,1141.24,353,688.0,0
16271,3,285.85,358,207.6,1
16272,117,411.7,117,224.0,0
16274,373,357.95,373,155.0,0
16275,197,559.87,197,336.0,0
16276,177,810.6,177,420.0,0
16278,100,566.38,100,114.0,0
16279,21,503.19,177,351.33,0
16281,72,2062.06,72,934.0,0
16282,340,168.3,340,114.0,0
16283,6,314.16,208,247.2,1
16284,31,411.98,50,272.0,0
16287,170,142.5,170,298.0,0
16292,122,302.25,122,191.0,0
16293,22,224.9,367,98.2,1
16295,10,332.14,65,210.25,0
16297,269,301.9,269,206.0,0
16298,23,199.4,187,66.0,0
16302,127,233.22,127,158.0,0
16303,26,1786.88,333,886.33,0
16305,139,361.22,139,256.0,0
16306,214,105.38,367,81.17,1
16308,38,640.0,261,2000.0,0
16309,106,353.28,241,233.5,0
16311,18,308.13,49,197.0,0
16313,3,137.08,50,82.5,0
16315,331,226.37,331,75.0,0
16316,64,367.36,358,185.5,1
16317,120,447.22,297,296.67,0
16318,35,328.15,35,199.0,0
16319,218,404.4,218,72.0,0
16320,172,519.23,213,366.0,0
16321,72,74.73,324,27.0,1
16322,1,163.38,36,115.5,0
16323,196,207.5,196,50.0,0
16324,128,142.89,177,94.0,0
16325,47,198.08,246,64.67,0
16326,6,222.21,335,50.64,1
16327,14,640.7,370,428.5,1
16330,18,83.97,112,49.0,0
16332,28,227.6,305,114.43,1
16333,8,1210.31,310,1462.91,1
16337,37,151.05,37,87.0,0
16338,157,214.8,157,94.0,0
16339,284,109.95,284,23.0,0
16340,107,549.07,107,501.0,0
16341,25,492.97,201,349.5,0
16342,75,80.6,180,39.25,0
16343,16,185.24,16,97.5,0
16344,158,101.1,158,18.0,0
16345,44,575.41,44,289.0,0
16347,11,443.82,36,176.5,0
16348,32,209.92,240,117.0,1
16349,291,53.5,291,9.0,0
16350,21,279.12,334,136.25,0
16351,333,153.9,333,90.0,0
16352,18,247.22,38,150.0,0
16353,4,290.25,370,87.22,1
16354,63,197.9,73,75.0,0
16356,198,70.59,278,31.0,0
16357,33,219.63,214,82.0,0
16358,1,506.88,184,325.5,0
16359,7,194.55,332,131.44,1
16360,5,585.42,88,357.33,1
16361,10,224.16,71,105.25,0
16362,32,146.95,91,70.2,1
16363,53,109.36,53,52.0,0
16364,12,353.52,137,140.0,0
16365,18,171.16,367,56.0,1
16366,19,327.3,19,256.0,0
16367,37,402.24,363,323.5,0
16368,2,248.72,28,130.0,0
16369,18,517.89,197,345.0,0
16370,82,330.14,225,161.75,0
16372,33,183.96,34,83.0,0
16374,66,236.52,262,120.0,0
16376,9,493.5,17,347.0,0
16377,267,676.2,267,1500.0,0
16378,247,120.98,311,89.0,0
16379,4,539.35,79,352.5,0
16380,61,1780.59,61,1524.0,0
16383,75,334.18,268,237.5,0
16384,90,292.25,264,130.0,0
16385,60,185.3,366,87.0,0
16386,29,158.6,254,112.0,0
16387,323,94.36,323,44.0,0
16389,53,345.52,283,310.5,0
16392,270,221.19,270,203.0,0
16393,2,234.32,369,121.23,1
16394,57,311.07,290,520.8,1
16395,61,297.38,331,295.2,1
16398,154,852.9,254,379.0,0
16399,19,204.28,235,132.0,0
16400,95,303.93,95,172.0,0
16401,1,341.53,328,323.5,1
16402,265,149.8,369,74.5,0
16403,312,177.5,312,114.0,0
16404,70,443.05,70,157.0,0
16405,302,83.62,310,93.5,0
16406,19,163.07,19,122.0,0
16407,13,212.69,312,112.4,1
16409,36,405.78,317,261.2,1
16411,19,107.32,369,66.0,0
16412,54,151.83,54,73.0,0
16413,57,262.2,57,148.0,0
16414,22,63.12,280,13.5,0
16415,44,210.35,44,187.0,0
16416,27,350.47,56,224.0,0
16418,45,225.09,226,96.0,0
16419,113,162.04,312,72.67,1
16422,17,680.09,369,660.86,1
16423,25,346.12,25,230.0,0
16424,191,133.56,191,88.0,0
16425,302,302.7,302,199.0,0
16426,2,190.82,276,124.3,1
16427,263,120.53,284,78.0,0
16429,106,284.55,106,9.0,0
16430,57,300.85,57,103.0,0
16431,213,214.27,297,151.0,0
16432,64,287.4,64,276.0,0
16433,28,184.26,28,106.0,0
16434,29,217.46,300,109.57,1
16438,6,159.67,82,92.6,1
16440,8,728.13,215,403.6,1
16441,67,190.6,291,86.5,0
16442,2,205.6,361,148.67,0
16444,46,163.67,265,101.75,0
16445,34,230.51,34,111.0,0
16446,1,84236.25,206,40498.5,0
16447,136,259.01,136,223.0,0
16448,198,188.89,198,78.0,0
16449,198,353.84,281,183.5,0
16450,150,311.92,150,200.0,0
16451,88,266.97,88,120.0,0
16454,45,3.45,64,1.5,0
16455,64,263.03,371,141.14,1
16456,99,431.67,373,229.6,1
16457,218,208.36,218,140.0,0
16458,3,193.49,361,119.67,1
16460,28,271.57,82,293.0,0
16461,178,151.42,178,49.0,0
16462,74,45.33,284,5.33,0
16463,21,355.6,204,290.75,0
16464,20,438.23,142,321.0,0
16466,34,229.07,293,112.71,1
16468,74,74.9,74,31.0,0
16469,24,162.61,246,68.25,0
16470,52,190.6,359,132.75,0
16471,275,223.95,275,141.0,0
16473,165,105.37,337,65.33,0
16474,7,267.36,145,134.71,1
16475,88,136.07,274,79.75,0
16477,64,356.35,372,202.14,1
16478,25,110.33,66,74.67,0
16479,10,150.42,10,51.0,0
16480,76,769.29,76,455.0,0
16482,16,220.62,16,346.0,0
16483,192,139.35,192,44.0,0
16484,174,202.15,191,100.0,0
16485,77,363.65,77,235.0,0
16488,33,166.27,149,242.67,0
16491,47,731.5,47,478.0,0
16493,80,337.91,330,291.0,0
16494,297,826.53,297,675.0,0
16495,3,228.14,276,112.33,0
16496,9,533.17,317,370.33,0
16497,50,494.28,333,232.67,1
16498,161,50.48,162,22.5,0
16499,360,182.72,365,63.5,0
16500,5,66.81,331,20.5,1
16503,107,357.98,360,142.25,0
16504,25,484.38,25,524.0,0
16505,32,777.6,32,576.0,0
16506,20,45.15,40,21.0,0
16509,297,363.7,297,64.0,0
16510,372,248.1,372,92.0,0
16511,22,316.75,267,139.0,0
16513,5,218.65,43,101.75,0
16515,52,325.43,311,166.6,1
16516,30,101.7,30,58.0,0
16517,277,162.7,277,96.0,0
16518,61,242.16,284,163.5,0
16519,25,107.54,365,27.0,0
16520,186,348.86,365,186.0,0
16523,2,448.5,316,203.1,1
16525,2,501.06,367,284.5,1
16526,172,290.36,172,106.0,0
16527,81,228.06,81,106.0,0
16528,4,244.41,4,171.0,0
16529,190,455.25,190,198.0,0
16531,22,177.8,360,130.71,1
16532,18,2249.6,339,672.0,0
16533,19,365.19,68,204.0,0
16535,5,593.75,5,356.0,0
16536,110,548.97,110,251.0,0
16539,3,347.2,373,119.25,0
16542,54,119.62,54,46.0,0
16545,165,339.3,165,78.0,0
16546,291,393.58,373,274.5,0
16549,10,415.46,334,236.5,1
16550,109,459.79,368,308.0,1
16551,96,307.37,337,323.33,0
16552,243,189.86,374,109.5,0
16553,163,476.65,360,383.33,1
16554,42,279.03,332,134.0,0
16555,35,142.94,110,87.5,0
16556,67,473.4,360,270.0,1
16557,24,140.93,137,55.5,0
16558,1,416.92,367,268.85,1
16560,27,420.7,358,250.0,0
16561,6,255.56,60,122.0,0
16563,54,1077.74,54,486.0,0
16565,364,173.7,364,46.0,0
16566,15,122.93,293,72.4,1
16567,194,432.8,337,498.0,0
16569,3,124.2,3,93.0,0
16570,15,373.84,312,211.2,1
16571,27,473.9,282,413.0,0
16572,127,336.53,276,177.33,0
16573,85,331.8,290,180.0,0
16574,71,451.44,71,416.0,0
16581,183,105.84,183,134.0,0
16582,113,313.62,113,164.0,0
16583,374,233.45,374,111.0,0
16584,80,468.04,254,323.0,0
16586,249,463.95,249,95.0,0
16587,232,225.15,232,71.0,0
16589,71,153.08,161,122.67,0
16591,69,213.5,69,41.0,0
16592,4,257.1,288,182.94,1
16593,51,110.01,328,38.67,0
16594,75,181.09,75,64.0,0
16595,61,360.16,61,335.0,0
16596,16,125.08,366,48.5,0
16597,4,90.04,4,184.0,0
16598,286,145.05,286,73.0,0
16600,4,135.59,339,190.83,1
16601,41,244.8,41,134.0,0
16602,36,528.08,36,336.0,0
16603,75,241.24,91,240.0,0
16607,18,239.12,359,204.21,1
16609,15,784.78,253,345.71,1
16610,219,75.66,219,66.0,0
16611,186,129.49,186,47.0,0
16612,33,296.92,312,126.5,0
16613,70,618.59,70,293.0,0
16614,183,506.19,183,223.0,0
16616,15,250.21,157,185.0,0
16617,236,151.85,236,91.0,0
16618,31,529.52,323,272.6,1
16619,264,226.21,264,133.0,0
16620,4,89.48,261,44.0,0
16621,52,203.37,278,75.5,0
16623,246,129.45,246,39.0,0
16624,81,405.28,197,244.0,0
16625,275,333.08,275,164.0,0
16626,1,259.59,267,158.24,1
16627,79,322.8,79,162.0,0
16628,30,437.61,235,241.0,1
16629,74,208.86,96,246.5,0
16633,17,480.52,234,189.67,1
16634,223,108.95,372,41.0,0
16637,32,288.62,226,231.75,0
16638,23,168.07,369,125.5,1
16639,31,419.17,236,170.0,0
16641,106,231.1,106,256.0,0
16642,5,344.16,208,239.5,0
16643,246,487.51,246,269.0,0
16644,178,416.89,212,413.0,0
16647,170,107.03,205,73.0,0
16648,43,290.66,43,281.0,0
16650,72,518.42,72,372.0,0
16652,59,967.71,273,469.0,1
16653,16,606.33,71,366.5,0
16654,141,150.32,368,70.5,0
16655,18,632.42,332,394.5,1
16656,22,575.05,365,592.93,1
16657,10,233.4,255,307.25,0
16658,368,123.24,368,40.0,0
16659,189,39.12,189,72.0,0
16660,16,316.91,320,142.75,0
16665,362,135.4,362,59.0,0
16666,19,118.98,19,233.0,0
16667,68,285.06,284,118.5,0
16668,15,51.12,285,53.0,1
16669,24,458.29,78,296.0,0
16670,17,372.35,359,232.36,1
16671,28,564.09,165,291.67,0
16672,2,406.75,267,141.6,1
16674,55,159.8,98,94.0,0
16676,34,398.03,337,159.0,0
16678,3,259.17,283,199.75,1
16679,366,129.75,366,29.0,0
16680,43,183.7,43,94.0,0
16681,73,295.06,253,234.5,1
16682,5,205.6,188,208.0,1
16684,4,2380.48,358,1794.82,1
16685,61,162.12,61,198.0,0
16686,47,437.55,355,290.0,1
16688,1,315.22,61,201.0,0
16689,76,211.3,82,165.0,0
16690,72,112.79,202,69.0,0
16692,256,638.0,289,76.0,0
16693,69,241.0,272,102.0,0
16696,135,164.48,248,36.5,0
16697,241,112.75,241,27.0,0
16698,227,999.0,253,420.0,0
16700,9,390.5,366,309.54,1
16701,9,415.25,362,491.77,1
16705,1,701.75,359,273.8,1
16706,37,177.12,114,83.0,0
16708,46,656.63,46,285.0,0
16709,85,605.97,282,170.2,1
16710,19,248.3,368,183.6,1
16711,3,330.21,358,166.6,1
16712,9,331.4,276,159.0,1
16713,19,461.54,366,285.07,1
16714,219,387.18,317,203.33,0
16715,78,301.72,78,642.0,0
16716,267,450.6,311,60.0,0
16717,24,643.06,366,311.0,1
16718,369,623.75,369,413.0,0
16719,15,255.77,369,172.0,1
16720,26,155.24,26,182.0,0
16721,262,292.47,262,172.0,0
16722,17,363.91,368,384.69,1
16723,91,294.58,108,199.5,0
16725,302,111.57,371,42.0,1
16726,26,276.4,361,195.4,1
16727,364,272.82,364,177.0,0
16728,46,263.67,264,169.25,0
16729,38,344.76,241,275.38,1
16730,52,247.7,319,331.33,0
16732,32,603.75,32,317.0,0
16734,52,216.84,114,115.33,0
16735,79,460.11,334,314.6,1
16737,53,417.6,53,288.0,0
16738,298,3.75,298,3.0,0
16739,177,323.0,177,172.0,0
16742,47,464.9,47,1.0,0
16743,29,319.73,359,292.43,1
16744,11,186.39,173,115.0,1
16745,87,423.19,312,396.18,1
16746,5,372.09,359,259.17,1
16747,38,418.03,68,291.5,0
16748,18,303.18,334,176.0,1
16750,45,124.79,232,42.8,1
16751,31,1764.72,31,1031.0,0
16752,373,207.5,373,54.0,0
16753,58,223.92,58,189.0,0
16754,372,2002.4,372,4280.0,0
16755,114,498.94,316,354.67,0
16756,215,239.4,215,106.0,0
16757,319,106.83,319,81.0,0
16758,65,369.34,65,203.0,0
16759,8,263.26,31,203.0,0
16761,97,316.62,97,341.0,0
16762,20,500.46,144,206.0,0
16763,199,611.85,199,319.0,0
16764,4,215.33,143,96.85,1
16765,294,34.0,294,4.0,0
16766,273,572.8,273,268.0,0
16767,31,507.33,316,403.18,1
16768,48,159.36,272,65.33,0
16769,260,380.39,260,83.0,0
16770,58,154.02,372,92.8,1
16771,33,449.36,338,297.8,1
16773,57,171.59,57,171.0,0
16774,68,165.38,179,80.5,0
16775,10,154.15,367,40.0,1
16776,60,388.28,60,262.0,0
16777,80,113.18,257,32.0,0
16778,74,122.97,274,97.0,0
16779,2,483.17,367,242.05,1
16780,100,212.6,259,135.5,0
16781,372,311.25,372,113.0,0
16782,10,175.38,366,54.77,1
16784,20,107.6,20,24.0,0
16788,123,298.74,254,155.5,0
16789,8,80.8,8,32.0,0
16790,4,257.6,38,149.67,1
16791,29,245.97,332,109.0,1
16792,282,55.19,282,22.0,0
16793,57,243.84,57,146.0,0
16794,1,122.27,180,93.7,1
16795,365,414.88,365,239.0,0
16796,89,305.62,89,186.0,0
16800,11,1201.49,11,540.0,0
16801,163,404.93,273,124.75,0
16803,65,332.3,65,245.0,0
16804,23,179.0,270,82.0,0
16805,174,230.3,360,269.5,0
16806,103,200.37,239,94.5,0
16807,143,373.86,271,259.33,0
16808,99,144.21,274,98.0,0
16809,23,182.94,262,130.4,1
16810,192,309.54,192,114.0,0
16811,5,273.54,17,238.5,0
16812,361,479.35,361,81.0,0
16813,8,169.3,204,152.5,1
16814,14,309.96,370,131.86,1
16816,103,104.26,358,68.5,0
16817,3,178.31,368,91.33,1
16818,11,304.51,206,196.73,1
16820,96,497.61,96,307.0,0
16823,227,358.38,227,136.0,0
16824,16,230.32,164,118.0,0
16825,39,387.59,186,283.0,0
16826,51,341.7,51,158.0,0
16828,93,64.25,112,29.5,0
16829,157,197.22,157,99.0,0
16830,39,325.91,39,264.0,0
16832,184,66.38,217,11.0,0
16833,1,276.63,334,110.0,0
16834,228,413.46,228,358.0,0
16835,128,90.42,373,30.5,0
16836,40,125.94,117,82.5,0
16837,31,288.27,246,142.09,1
16838,197,294.42,288,92.5,0
16839,9,488.07,370,263.97,1
16841,37,311.64,288,375.0,1
16842,101,421.4,302,231.0,0
16843,43,637.29,327,634.94,1
16846,50,214.32,50,135.0,0
16847,43,193.44,43,78.0,0
16848,53,281.42,53,182.0,0
16849,187,124.57,187,33.0,0
16850,334,332.41,334,249.0,0
16851,4,114.15,52,90.33,0
16852,10,72.46,176,28.0,0
16855,24,164.2,43,82.0,0
16856,15,35.4,15,12.0,0
16858,369,375.69,369,91.0,0
16859,145,373.9,261,413.5,0
16861,60,86.88,158,70.0,0
16863,31,251.4,367,204.5,0
16866,141,69.25,162,20.0,0
16869,23,206.36,175,146.25,0
16871,22,468.72,271,208.83,1
16872,77,226.67,184,200.0,0
16873,5,1187.27,364,640.0,1
16875,67,419.11,340,213.8,1
16877,12,142.29,208,77.17,1
16878,84,13.3,84,12.0,0
16880,31,217.01,189,107.57,1
16881,67,432.0,67,600.0,0
16882,67,235.04,317,141.33,0
16883,187,138.36,372,52.0,0
16884,38,214.92,38,160.0,0
16885,15,157.17,357,61.33,0
16887,35,194.88,35,157.0,0
16889,195,526.22,337,308.33,0
16891,2,161.94,372,56.6,1
16892,1,105.11,184,47.8,1
16893,367,145.93,367,62.0,0
16895,65,219.14,65,102.0,0
16897,299,144.89,314,36.5,0
16898,26,169.6,369,139.67,0
16899,8,213.59,360,87.0,1
16900,17,295.7,63,277.67,0
16902,116,1706.88,116,629.0,0
16903,29,373.24,29,262.0,0
16904,4,234.64,367,127.12,1
16905,5,443.2,372,201.14,1
16906,82,144.94,249,70.25,0
16907,29,196.33,365,59.6,1
16909,72,379.14,72,436.0,0
16910,4,188.76,91,110.75,1
16912,29,234.13,323,93.55,1
16913,290,113.44,290,82.0,0
16914,36,208.46,36,121.0,0
16915,9,103.61,284,22.0,1
16916,24,288.13,372,220.0,0
16917,277,391.52,277,232.0,0
16918,50,178.14,317,120.17,1
16919,156,236.04,368,128.45,1
16921,61,169.79,61,171.0,0
16923,12,381.45,363,179.84,1
16924,21,282.25,84,164.33,0
16926,371,230.25,371,35.0,0
16927,116,181.02,362,331.0,0
16928,80,167.51,373,124.35,1
16929,4,185.06,156,132.71,1
16930,26,126.85,68,113.67,0
16931,5,219.25,370,150.38,1
16932,53,161.94,53,87.0,0
16933,1,281.62,239,144.0,0
16934,55,475.46,55,199.5,0
16936,26,262.68,26,173.0,0
16938,9,684.1,309,635.0,0
16940,52,1016.63,290,723.0,0
16942,13,213.4,228,90.11,1
16943,212,272.24,318,48.33,0
16945,22,228.71,358,143.42,1
16947,236,406.48,236,312.0,0
16948,139,145.01,326,538.0,0
16949,4,214.38,317,131.83,1
16950,57,392.85,367,214.67,0
16951,135,425.92,304,439.33,0
16952,109,83.8,109,46.0,0
16953,30,20.8,30,10.0,0
16954,1,231.68,360,117.11,1
16955,185,129.67,373,66.5,0
16956,18,308.74,18,114.0,0
16957,239,208.32,282,86.0,0
16959,87,117.35,87,49.0,0
16960,39,169.02,253,101.33,0
16961,116,234.17,116,125.0,0
16963,187,110.55,187,35.0,0
16965,227,201.19,227,291.0,0
16966,8,307.85,240,283.0,1
16967,189,319.02,189,333.0,0
16968,4,219.72,108,163.0,0
16969,39,216.8,192,272.0,0
16971,38,357.21,38,72.0,0
16976,267,251.52,267,88.0,0
16978,78,344.33,78,166.0,0
16979,4,308.67,298,144.17,1
16980,255,539.48,291,394.0,0
16982,61,384.06,61,182.0,0
16983,13,275.89,370,197.0,1
16984,88,2240.68,130,1211.5,0
16985,17,546.41,359,183.2,1
16986,30,936.6,30,520.0,0
16987,3,232.15,205,57.43,1
16988,5,126.12,5,43.0,0
16989,7,188.88,151,205.5,1
16990,219,179.0,219,100.0,0
16992,11,322.86,285,172.0,1
16996,30,242.83,353,90.67,1
16997,288,234.0,326,120.0,0
16998,150,73.75,304,19.0,0
16999,23,242.41,74,147.0,0
17001,1,362.69,359,196.73,1
17002,86,497.91,291,226.33,0
17004,46,706.47,93,409.5,0
17006,5,195.44,76,68.0,0
17007,51,148.32,357,99.5,1
17010,18,195.36,18,118.0,0
17011,30,270.9,30,186.0,0
17014,8,195.44,67,81.67,0
17015,29,614.19,185,660.33,0
17017,3,434.71,373,333.65,1
17018,41,460.05,326,88.0,0
17019,11,318.15,368,206.75,0
17022,31,71.0,31,108.0,0
17024,45,31.95,158,23.0,0
17025,61,119.26,373,78.33,0
17026,185,77.42,370,48.5,0
17027,79,148.38,317,70.17,1
17029,111,358.0,237,200.0,0
17030,64,146.87,64,146.0,0
17031,12,190.18,155,117.5,0
17033,86,343.38,359,250.0,0
17034,16,248.51,288,136.67,0
17035,246,216.76,312,114.5,0
17037,88,1267.32,88,656.0,0
17038,30,112.4,30,28.0,0
17040,138,449.73,138,181.0,0
17041,27,360.52,361,317.0,0
17042,3,208.88,247,198.8,1
17043,32,433.8,266,249.5,0
17044,25,948.48,25,504.0,0
17045,113,113.15,248,35.33,0
17046,157,642.02,157,510.0,0
17047,85,366.97,205,177.67,0
17048,118,308.45,331,161.67,0
17049,3,628.89,276,297.33,1
17050,96,538.14,300,269.0,1
17051,194,247.14,194,184.0,0
17052,28,413.75,28,261.0,0
17053,131,498.48,131,122.0,0
17054,28,271.27,245,160.8,1
17058,82,393.3,240,197.33,0
17059,30,619.01,370,371.0,1
17060,266,234.24,266,216.0,0
17061,74,475.66,232,138.73,1
17062,314,134.59,370,107.5,0
17063,21,208.73,289,110.0,1
17064,59,286.45,327,106.0,0
17068,12,216.77,368,103.05,1
17069,28,301.08,373,167.33,1
17070,114,312.14,114,133.0,0
17071,28,269.89,310,133.0,1
17073,18,361.52,109,189.75,0
17075,18,208.53,317,73.0,0
17076,36,280.36,365,98.33,0
17078,36,189.1,36,394.0,0
17079,78,118.8,78,24.0,0
17080,22,143.81,270,83.0,0
17081,25,145.08,46,39.0,0
17082,33,1001.92,318,524.5,0
17083,109,468.59,304,257.33,0
17084,35,1474.88,35,908.0,0
17085,123,313.33,363,157.2,1
17086,7,341.68,64,309.83,1
17088,28,497.75,254,217.0,0
17090,4,291.99,354,131.57,1
17091,3,425.31,368,194.0,1
17092,50,444.44,277,282.75,0
17094,322,302.0,322,152.0,0
17095,23,441.39,335,206.0,0
17096,15,255.53,262,84.75,0
17097,2,119.3,365,57.38,1
17100,18,485.87,18,400.0,0
17101,10,405.43,178,203.75,0
17102,262,25.5,262,2.0,0
17105,159,332.89,306,346.5,0
17107,33,1802.57,278,806.17,1
17109,29,147.51,232,98.17,1
17110,165,163.3,165,50.0,0
17111,47,248.61,47,302.0,0
17114,6,101.08,335,27.38,1
17115,8,279.17,233,124.0,0
17117,288,116.2,288,68.0,0
17118,318,157.02,318,154.0,0
17119,3,303.46,60,167.0,0
17120,233,307.46,233,120.0,0
17122,119,138.32,119,80.0,0
17123,162,345.3,162,246.0,0
17124,185,298.89,185,130.0,0
17125,50,259.35,50,291.0,0
17126,152,200.95,363,158.4,1
17128,335,157.09,335,76.0,0
17131,5,492.63,76,196.6,1
17133,16,698.89,266,390.0,1
17134,107,212.5,265,51.0,0
17135,16,162.82,372,174.86,1
17138,276,380.5,276,126.0,0
17139,16,889.04,289,431.83,1
17140,247,465.32,247,302.0,0
17142,239,579.0,239,81.0,0
17144,1,492.28,85,241.5,0
17146,106,249.93,359,70.67,0
17147,23,428.65,312,220.5,0
17148,52,124.88,52,82.0,0
17152,195,563.17,263,172.33,0
17153,24,213.78,24,104.0,0
17154,75,329.34,75,490.0,0
17155,18,125.85,178,121.0,0
17157,8,159.5,176,86.0,0
17158,32,422.32,360,259.33,0
17159,22,512.96,172,370.33,0
17160,31,586.34,242,476.0,1
17162,29,171.55,306,100.1,1
17163,22,146.55,78,33.0,0
17164,33,352.48,273,214.43,1
17165,284,158.68,284,100.0,0
17166,39,103.17,204,39.0,0
17169,58,417.89,183,263.0,0
17171,289,224.91,289,185.0,0
17172,79,317.76,79,480.0,0
17173,5,470.82,131,140.25,1
17174,218,59.9,218,41.0,0
17175,44,360.92,296,216.5,0
17176,202,306.13,202,170.0,0
17179,178,237.26,361,96.67,0
17180,56,199.01,316,170.75,0
17181,57,119.96,374,120.5,0
17183,8,557.88,105,216.0,1
17186,47,72.0,60,100.0,0
17187,227,203.95,227,144.0,0
17188,11,353.46,362,189.71,1
17189,106,192.2,359,113.5,0
17190,59,222.37,207,80.5,0
17191,28,299.3,368,166.71,1
17193,36,242.76,177,179.14,1
17194,274,131.31,361,59.5,0
17197,30,1013.01,30,191.0,0
17198,24,230.74,371,119.0,0
17201,54,342.63,54,268.0,0
17203,36,593.98,60,475.0,1
17204,175,391.14,264,161.5,0
17205,54,384.08,54,884.0,0
17206,53,204.24,53,76.0,0
17211,27,289.65,370,165.38,1
17212,253,226.85,253,147.0,0
17213,40,397.32,366,168.0,1
17214,60,178.19,359,46.0,1
17217,234,113.5,234,24.0,0
17218,4,196.07,368,95.8,1
17219,32,114.23,32,89.0,0
17220,24,228.45,364,136.07,1
17221,7,167.56,36,144.0,0
17222,65,354.15,65,128.0,0
17223,310,213.4,368,56.0,0
17226,309,393.49,309,406.0,0
17227,19,156.55,369,123.5,1
17228,16,238.26,372,191.5,1
17229,96,159.38,143,92.5,0
17230,264,454.8,360,206.38,1
17231,12,317.43,361,174.2,1
17232,3,210.76,15,101.5,0
17233,35,190.88,35,131.0,0
17234,183,149.89,183,55.0,0
17235,25,275.03,372,112.0,0
17236,13,152.69,363,79.0,1
17237,11,157.34,22,52.5,0
17238,3,220.27,371,107.18,1
17239,313,382.5,313,150.0,0
17242,108,567.52,180,305.5,0
17243,1,333.72,370,129.62,1
17244,53,954.9,53,616.0,0
17245,205,171.45,205,75.0,0
17247,15,282.19,15,106.0,0
17248,120,318.65,120,213.0,0
17250,4,192.26,261,84.0,0
17251,363,283.28,363,110.0,0
17252,117,176.93,186,96.5,0
17253,18,178.26,18,43.0,0
17254,5,136.22,15,126.0,0
17255,41,149.21,299,116.0,0
17256,107,120.0,312,70.5,0
17259,148,301.68,368,205.0,0
17262,52,250.67,366,73.4,1
17263,208,63.44,208,36.0,0
17265,139,281.45,181,197.0,0
17266,2,103.55,148,53.67,0
17267,127,158.81,127,79.5,0
17268,108,190.91,245,211.0,0
17272,42,537.16,263,444.5,0
17274,35,111.98,35,79.0,0
17277,228,532.68,323,215.0,0
17278,241,246.04,241,179.0,0
17279,58,187.83,58,48.0,0
17282,130,567.8,300,625.67,0
17284,60,275.43,336,227.33,1
17286,22,153.92,22,118.0,0
17287,26,152.02,373,79.86,1
17288,9,202.82,358,171.86,1
17289,32,314.8,180,173.33,0
17290,4,262.62,16,202.0,0
17291,308,550.8,308,72.0,0
17293,8,208.35,361,126.67,1
17295,29,185.65,65,98.0,0
17297,17,131.78,17,67.0,0
17298,101,249.21,125,193.5,0
17299,12,167.28,173,169.5,0
17301,21,197.63,21,149.0,0
17302,15,227.13,306,115.0,1
17303,361,250.04,361,144.0,0
17306,11,454.28,353,604.79,1
17309,95,82.75,95,41.0,0
17311,78,692.42,317,502.5,0
17312,139,214.77,159,124.0,0
17313,31,2328.84,31,1402.0,0
17314,25,315.99,313,237.0,1
17315,2,165.59,358,102.32,1
17317,46,866.78,90,382.0,0
17320,100,400.21,368,211.33,0
17321,8,350.43,68,186.5,0
17323,15,131.58,292,110.86,1
17324,18,247.56,367,211.0,0
17325,280,96.8,280,60.0,0
17329,14,261.56,315,71.0,0
17330,23,181.95,68,60.0,0
17331,124,175.2,124,16.0,0
17333,86,494.25,86,375.0,0
17334,302,153.51,309,157.5,0
17337,151,506.97,310,317.25,0
17338,17,830.49,361,391.0,1
17339,94,121.68,365,76.0,0
17340,30,1123.03,366,542.45,1
17341,157,260.45,367,163.0,0
17343,355,193.64,355,56.0,0
17344,46,160.57,46,66.0,0
17345,15,134.44,197,86.5,0
17346,4,178.44,373,110.47,1
17347,86,228.96,86,216.0,0
17348,15,231.9,298,280.2,1
17349,179,110.75,179,112.0,0
17350,8,321.52,51,198.75,0
17351,36,195.72,273,37.67,0
17353,129,870.0,154,600.0,0
17354,51,1393.06,51,1006.0,0
17356,312,178.22,312,166.0,0
17357,24,194.07,24,76.5,0
17358,303,182.92,355,101.0,0
17359,11,127.86,11,161.0,0
17360,17,195.26,184,111.67,0
17361,49,162.73,292,52.33,0
17362,239,156.12,310,95.5,0
17364,1,407.38,331,245.55,1
17365,13,600.2,333,597.12,1
17367,238,168.4,238,150.0,0
17368,23,239.08,338,173.88,1
17370,73,111.54,170,135.0,0
17371,17,141.3,361,50.67,0
17372,41,167.84,363,93.62,1
17373,40,161.73,313,102.0,0
17374,219,247.88,281,42.5,0
17375,199,133.37,361,122.33,0
17376,71,101.6,311,43.0,0
17377,24,205.05,374,103.8,1
17379,11,404.66,11,663.0,0
17381,9,699.16,372,884.45,1
17382,65,65.4,65,25.0,0
17383,4,199.29,4,150.0,0
17384,19,168.2,219,44.0,0
17385,15,261.11,15,201.0,0
17386,8,447.74,166,317.0,1
17387,20,392.06,34,271.0,0
17388,78,314.89,288,267.0,0
17389,1,936.28,331,223.88,1
17391,164,254.4,165,240.0,0
17392,307,228.96,358,160.0,0
17394,219,203.87,219,241.0,0
17396,39,916.35,372,250.62,1
17397,22,348.2,22,127.0,0
17398,115,217.79,255,103.33,0
17400,126,425.99,353,219.4,1
17402,5,202.6,369,53.92,1
17403,36,281.62,36,117.0,0
17404,4,2127.12,360,2183.2,1
17405,1,343.8,150,242.0,0
17406,333,733.47,367,262.33,0
17408,163,32.65,163,3.0,0
17409,185,385.92,248,52.5,0
17410,16,242.94,215,123.2,1
17411,12,259.65,261,102.0,0
17412,3,179.72,372,105.43,1
17414,44,389.0,185,1050.0,0
17415,80,507.84,80,114.0,0
17416,30,984.77,281,614.57,1
17418,42,231.73,324,144.5,0
17419,11,352.21,367,156.33,1
17420,50,199.61,374,88.33,0
17422,16,329.9,296,375.5,1
17423,46,349.2,218,229.5,0
17425,19,379.58,61,203.5,0
17426,8,839.54,282,515.67,1
17427,72,100.8,72,34.0,0
17428,1,616.32,369,338.36,1
17429,128,174.97,219,208.0,0
17430,33,132.88,365,95.0,0
17431,313,403.3,313,292.0,0
17432,18,182.88,37,103.5,0
17433,88,303.16,88,185.0,0
17434,2,339.12,85,241.86,1
17436,2,108.15,227,45.0,0
17438,254,388.45,254,103.0,0
17440,157,62.14,248,82.0,0
17442,37,374.76,290,249.33,1
17443,220,534.24,220,504.0,0
17444,148,980.01,173,706.33,0
17446,177,60.45,310,99.0,0
17447,40,270.76,72,221.5,0
17449,2,360.12,360,160.29,1
17450,8,4229.36,368,1521.59,1
17451,1,245.91,106,171.86,1
17453,18,243.36,64,109.5,0
17454,192,129.38,360,60.75,0
17455,204,131.7,204,66.0,0
17456,365,249.86,365,222.0,0
17457,127,347.54,339,165.2,1
17458,15,316.5,15,170.0,0
17459,43,328.65,60,268.5,0
17460,94,103.74,373,39.33,1
17461,23,252.49,30,266.33,0
17462,60,337.84,284,113.5,0
17463,16,379.28,313,219.0,1
17464,158,289.96,158,220.0,0
17466,10,381.64,79,153.0,0
17468,10,68.5,14,58.0,0
17469,16,374.19,205,157.4,1
17470,45,225.01,368,335.0,1
17472,191,236.76,299,154.0,0
17475,79,194.37,79,178.0,0
17480,78,511.82,78,338.0,0
17481,4,313.9,94,265.25,0
17483,65,138.01,183,63.67,0
17486,261,396.87,261,191.0,0
17489,59,188.32,213,214.0,0
17490,1,298.9,177,162.0,1
17491,1,355.89,368,201.3,1
17492,248,374.57,248,155.0,0
17495,8,248.78,39,114.5,0
17496,359,271.05,359,79.0,0
17498,76,272.22,76,394.0,0
17499,290,622.88,290,711.0,0
17500,17,379.33,30,5.67,0
17501,221,144.3,221,80.0,0
17502,9,172.28,29,94.0,0
17503,3,279.48,39,243.0,0
17504,206,333.0,323,184.89,1
17505,162,572.92,206,278.0,0
17506,76,302.2,76,139.0,0
17507,262,302.79,309,179.5,0
17508,281,387.31,281,289.0,0
17509,58,764.39,63,441.75,1
17510,25,308.48,25,214.0,0
17511,3,2937.5,374,2082.23,1
17512,29,292.5,302,275.3,1
17513,72,513.2,72,254.0,0
17514,128,208.65,128,135.0,0
17515,31,159.76,318,60.75,0
17516,15,153.62,286,83.2,1
17517,309,153.94,309,102.0,0
17519,17,307.34,368,206.0,1
17520,54,546.81,54,365.0,0
17521,30,241.07,199,173.0,0
17522,2,214.14,218,206.8,1
17523,11,163.18,19,218.0,0
17524,361,145.0,361,90.0,0
17525,360,422.7,360,82.0,0
17526,5,298.97,366,77.5,0
17527,54,234.84,218,122.0,0
17528,1,453.56,71,267.25,1
17530,1,238.5,365,152.6,1
17531,190,296.7,190,136.0,0
17534,54,223.36,54,103.0,0
17535,280,164.4,280,136.0,0
17536,177,76.5,177,6.0,0
17537,30,448.81,303,350.0,0
17538,26,98.42,26,134.0,0
17540,25,289.45,316,97.0,0
17542,270,170.75,270,134.0,0
17545,43,215.32,43,113.67,0
17548,234,103.3,234,58.0,0
17549,24,74.43,52,105.0,0
17550,197,89.05,243,28.67,0
17551,359,306.84,359,150.0,0
17552,60,232.6,372,179.75,0
17553,130,1487.6,130,1048.0,0
17554,1,390.49,148,352.6,1
17555,20,241.63,335,174.5,0
17556,206,157.9,206,101.0,0
17557,14,180.49,81,102.0,0
17560,95,213.74,311,158.75,0
17561,19,167.62,19,146.0,0
17562,14,160.34,173,116.71,1
17564,24,151.34,80,48.67,0
17566,8,450.6,25,259.0,0
17567,7,541.43,372,329.0,1
17569,332,344.14,332,159.0,0
17571,50,374.63,298,226.25,0
17572,71,56.69,373,23.75,0
17573,29,126.87,94,102.67,0
17574,243,185.65,243,77.0,0
17576,8,190.67,365,104.95,1
17578,218,143.46,218,138.0,0
17579,5,149.63,179,86.0,0
17580,253,71.91,358,29.33,0
17581,1,441.8,372,237.08,1
17582,236,175.27,236,123.0,0
17584,7,621.15,127,229.0,0
17585,109,283.27,338,417.75,0
17588,100,413.4,233,225.33,0
17589,60,601.04,240,407.75,0
17590,2,493.07,40,276.0,0
17591,73,318.0,367,144.14,1
17593,4,785.47,353,620.2,1
17594,85,496.59,255,275.0,0
17595,12,194.4,37,114.5,0
17596,23,403.99,369,628.57,1
17597,214,2044.37,214,1176.0,0
17600,18,161.67,18,144.0,0
17601,239,116.01,239,103.0,0
17602,2,850.5,324,691.83,1
17603,78,394.72,78,74.0,0
17604,217,154.68,312,84.5,0
17608,33,96.71,33,116.0,0
17609,41,222.44,327,144.6,1
17611,7,265.61,361,170.67,1
17612,53,341.41,298,301.33,1
17613,23,325.65,306,178.29,1
17614,57,390.07,57,238.0,0
17615,130,109.87,222,46.67,0
17616,174,190.4,368,74.67,0
17618,6,323.86,362,110.33,0
17619,312,218.52,312,127.0,0
17620,60,81.44,60,60.0,0
17621,21,459.97,354,171.33,0
17623,33,527.05,33,265.0,0
17624,15,421.74,218,277.0,0
17625,18,511.75,258,299.5,0
17628,81,75.75,81,79.0,0
17629,6,226.76,360,203.62,1
17630,170,251.8,232,79.0,0
17631,2,176.11,232,111.33,0
17633,31,331.21,120,161.0,0
17634,36,262.44,338,93.33,1
17636,19,285.56,19,182.0,0
17637,31,273.53,115,140.0,0
17639,276,108.5,276,49.0,0
17640,87,621.66,87,250.0,0
17642,120,356.14,176,237.0,0
17643,373,101.55,373,71.0,0
17644,1,263.24,261,163.0,1
17646,219,336.13,365,107.67,0
17647,65,133.06,65,30.0,0
17648,61,449.38,250,121.75,0
17649,138,868.49,138,399.0,0
17650,21,166.08,21,150.0,0
17651,12,394.5,177,311.2,1
17652,25,405.64,281,209.08,1
17653,37,301.89,120,352.25,0
17654,277,117.55,277,41.0,0
17655,11,376.99,366,159.43,1
17656,73,334.94,129,279.8,1
17658,26,297.71,211,308.0,0
17659,17,249.96,372,127.08,1
17660,141,196.0,141,130.0,0
17663,26,257.56,287,113.86,1
17664,19,302.32,212,302.0,0
17666,4,364.08,66,298.0,0
17667,66,411.1,299,206.6,1
17668,1,173.88,38,46.5,0
17669,43,486.67,250,273.71,1
17670,228,205.7,228,110.0,0
17671,16,393.18,365,193.0,0
17672,50,1589.08,309,845.0,0
17673,2,271.52,320,247.83,1
17674,74,275.52,369,336.0,0
17675,1,657.23,367,269.68,1
17676,4,231.28,366,155.33,1
17677,2,545.44,369,325.83,1
17678,264,298.11,264,207.0,0
17679,53,996.06,86,364.5,0
17680,24,184.4,24,96.0,0
17682,10,412.39,368,227.83,1
17684,44,239.41,44,145.0,0
17685,17,455.93,372,279.43,1
17686,7,819.92,303,354.0,1
17690,30,317.2,373,118.2,1
17691,358,145.2,369,67.0,0
17692,127,185.24,359,168.0,0
17693,137,200.47,137,231.0,0
17694,142,283.12,142,184.0,0
17695,132,382.67,172,389.5,0
17696,38,285.71,365,219.5,1
17697,236,338.95,236,93.0,0
17698,261,154.95,261,93.0,0
17700,17,633.66,281,316.5,0
17701,253,417.95,253,109.0,0
17702,30,456.09,206,338.25,0
17703,35,266.25,138,196.67,0
17704,169,442.6,240,171.5,0
17705,3,202.61,302,107.0,1
17706,4,617.91,367,229.35,1
17707,185,76.2,336,72.0,0
17708,188,133.54,325,45.5,0
17709,170,137.45,170,17.0,0
17711,11,192.55,290,123.0,0
17712,45,522.91,45,215.0,0
17714,321,153.0,321,92.0,0
17715,201,326.4,201,384.0,0
17716,23,514.18,268,279.27,1
17718,232,139.35,232,83.0,0
17719,38,359.74,256,164.4,1
17720,26,298.98,368,144.0,0
17722,96,606.01,367,398.75,0
17723,127,546.07,214,132.0,1
17724,71,344.33,138,100.0,0
17725,16,312.64,267,196.55,1
17727,15,1060.25,15,645.0,0
17728,4,958.67,87,489.67,0
17730,3,407.58,326,275.08,1
17731,79,310.03,183,123.25,0
17732,373,303.97,373,93.0,0
17733,39,346.1,262,231.5,0
17734,54,233.54,234,140.67,0
17735,2,690.0,368,444.16,1
17736,9,125.81,113,79.33,0
17737,9,84.12,58,54.0,0
17738,19,469.76,282,257.25,0
17739,12,398.76,360,123.0,1
17742,113,177.56,333,44.5,0
17744,4,387.07,358,568.67,1
17746,240,110.25,240,29.0,0
17747,113,71.4,113,12.0,0
17749,178,337.26,256,160.0,0
17750,5,199.73,164,439.67,1
17752,359,80.64,359,192.0,0
17754,1,354.45,260,373.8,1
17757,1,186.84,372,110.67,1
17758,19,432.09,250,261.38,1
17759,17,278.33,169,236.0,0
17760,22,143.79,373,119.5,0
17761,33,712.78,33,398.0,0
17763,263,15.0,263,12.0,0
17764,51,409.41,211,197.5,0
17765,159,123.96,257,48.0,0
17767,15,271.2,15,128.0,0
17768,8,757.73,166,395.33,0
17769,13,399.8,321,186.2,1
17770,199,228.65,282,73.0,1
17771,57,122.9,323,143.5,0
17772,11,91.38,11,29.0,0
17774,97,306.35,305,128.0,0
17775,255,56.4,255,72.0,0
17777,25,221.95,100,169.0,0
17779,21,219.52,144,132.33,0
17781,159,94.01,253,17.0,0
17783,72,141.74,248,177.0,0
17785,53,131.94,53,67.0,0
17786,85,139.37,317,100.0,0
17787,153,466.3,371,227.5,0
17788,74,558.95,130,105.5,0
17789,281,225.9,281,74.0,0
17790,27,140.4,365,59.71,1
17791,30,106.1,30,46.0,0
17793,25,323.04,25,232.0,0
17795,180,175.2,265,170.5,0
17796,40,174.48,370,44.5,0
17797,22,260.14,183,166.0,0
17799,22,305.59,361,175.8,1
17800,37,133.22,334,81.78,1
17802,82,428.35,372,250.67,0
17805,74,512.31,74,478.0,0
17806,11,546.04,11,727.0,0
17809,16,450.99,374,171.42,1
17811,4,200.97,334,107.1,1
17812,13,183.04,368,87.5,0
17813,14,354.18,71,158.0,1
17816,37,9.14,365,7.5,0
17817,4,129.23,277,22.33,0
17819,72,529.27,371,147.29,1
17824,51,298.4,51,408.0,0
17827,5,399.09,365,249.4,1
17828,23,455.02,185,166.75,0
17829,299,889.24,299,496.0,0
17830,2,132.9,289,30.67,0
17831,33,35.4,33,12.0,0
17832,50,155.37,50,208.0,0
17835,3,116.88,23,116.0,0
17836,47,110.21,47,88.0,0
17837,42,199.17,163,64.75,1
17838,27,555.86,372,375.8,1
17839,42,338.8,42,285.0,0
17841,2,330.58,373,186.06,1
17843,303,205.48,303,113.0,0
17844,107,51.56,107,52.0,0
17846,85,2033.1,85,1.0,0
17848,81,100.13,358,44.22,1
17849,218,151.45,334,28.5,0
17850,372,158.56,374,50.97,1
17852,12,57.17,12,26.5,0
17854,185,155.63,227,42.0,0
17855,373,208.97,373,197.0,0
17856,2,354.51,282,210.5,0
17857,4,1168.65,366,837.22,1
17858,6,429.64,369,225.5,1
17859,305,148.21,305,127.0,0
17860,369,252.8,369,104.0,0
17861,3,262.6,320,248.5,1
17862,324,330.9,324,100.0,0
17863,59,526.67,369,439.67,1
17864,13,199.17,276,270.0,0
17865,31,526.32,364,287.85,1
17866,143,329.65,143,174.0,0
17867,30,199.52,289,90.33,1
17869,107,85.64,368,22.2,1
17870,2,157.86,367,116.75,1
17871,205,155.9,205,182.0,0
17873,80,371.83,373,209.4,1
17874,185,113.91,256,36.83,1
17877,170,237.61,170,98.0,0
17878,44,379.45,44,401.0,0
17879,174,178.52,174,45.0,0
17880,365,458.92,365,314.0,0
17881,304,133.35,304,32.0,0
17883,3,167.94,246,94.75,0
17884,4,179.36,372,213.5,0
17885,12,190.19,12,167.0,0
17886,32,299.87,250,160.33,0
17887,129,111.35,129,30.0,0
17888,21,90.76,357,122.5,1
17889,212,101.94,322,39.5,0
17890,323,301.04,361,208.0,0
17891,162,203.86,162,393.0,0
17892,56,81.37,155,36.33,0
17893,225,112.25,225,161.0,0
17894,72,139.98,366,50.62,1
17895,44,98.0,44,130.0,0
17896,23,256.32,23,288.0,0
17897,173,188.87,374,76.33,0
17898,85,76.03,207,95.0,0
17899,159,155.8,159,171.0,0
17900,190,56.1,190,36.5,0
17901,29,110.38,29,24.0,0
17904,21,191.67,21,63.0,0
17905,71,200.06,373,101.75,0
17906,247,72.9,247,26.0,0
17908,374,243.28,374,173.0,0
17911,9,366.23,9,223.0,0
17912,310,62.2,365,37.0,1
17913,59,205.8,356,144.5,0
17914,4,336.43,4,473.0,0
17917,45,113.76,363,62.33,0
17919,88,1304.04,88,756.0,0
17920,4,247.3,374,148.0,1
17921,64,206.63,266,107.5,0
17923,282,207.5,282,50.0,0
17924,12,423.21,374,165.71,1
17925,373,244.08,373,72.0,0
17926,133,198.64,204,153.0,0
17928,45,106.27,246,70.0,0
17929,11,210.75,309,27.0,0
17930,36,348.1,239,318.8,1
17931,134,204.18,256,124.5,0
17932,29,443.86,211,263.0,0
17934,52,352.12,59,239.0,0
17935,138,72.9,142,41.0,0
17936,5,389.84,5,262.0,0
17937,9,614.46,362,250.57,1
17939,160,99.14,160,40.0,0
17940,49,410.64,303,975.5,1
17941,131,304.56,131,252.0,0
17942,8,77.5,8,38.0,0
17946,233,74.79,259,37.5,0
17947,37,176.68,37,168.0,0
17948,147,358.56,147,144.0,0
17949,1,1300.23,371,678.8,1
17950,72,160.73,365,122.0,0
17951,40,336.18,374,205.33,0
17954,5,194.39,371,186.17,1
17955,199,139.32,220,68.25,0
17956,249,12.75,249,1.0,0
17957,66,111.68,66,287.0,0
17958,117,508.46,117,84.0,0
17960,171,73.78,171,41.0,0
17961,21,33.24,372,14.36,1
17962,142,102.83,142,128.0,0
17964,32,235.85,372,150.5,0
17965,38,187.33,369,111.14,1
17966,38,219.69,261,514.2,1
17967,372,123.07,372,80.0,0
17968,374,277.35,374,160.0,0
17969,166,114.1,361,76.0,0
17970,211,582.59,211,525.0,0
17972,242,136.04,242,37.0,0
17973,52,337.04,52,176.0,0
17974,25,246.93,220,173.0,0
17975,15,345.29,367,120.62,1
17976,372,353.19,372,106.0,0
17977,29,288.14,29,342.0,0
17978,365,300.92,365,499.0,0
17979,36,189.43,260,99.25,0
17980,166,270.48,359,227.33,0
17984,145,152.68,145,98.0,0
17985,22,634.95,22,183.0,0
17986,56,20.8,56,10.0,0
17987,185,198.57,185,261.0,0
17988,12,28.73,327,6.14,1
17990,237,210.28,362,138.0,0
17991,225,46.68,226,12.5,0
17994,122,169.62,291,124.25,0
17995,282,76.1,282,133.0,0
17997,74,246.33,164,287.25,1
17999,37,191.03,366,110.5,0
18001,12,208.62,87,181.5,0
18004,362,169.47,362,78.0,0
18005,4,124.86,47,46.5,0
18006,23,444.68,23,220.0,0
18008,70,235.13,319,175.67,1
18009,235,257.34,235,126.0,0
18010,257,174.8,257,60.0,0
18011,373,102.79,373,71.0,0
18013,155,93.64,155,142.5,0
18014,28,166.42,28,68.0,0
18015,4,120.03,4,157.0,0
18016,32,296.71,364,205.8,1
18017,81,174.33,310,100.0,0
18018,108,61.07,199,27.5,0
18019,52,38.45,52,7.0,0
18022,36,668.11,36,736.0,0
18024,153,194.89,153,92.0,0
18027,99,115.31,99,78.0,0
18030,4,115.32,42,33.5,0
18032,334,73.5,334,42.0,0
18033,65,97.97,65,253.0,0
18034,22,211.44,22,280.5,0
18035,36,243.47,43,203.67,0
18036,32,135.21,246,78.0,0
18037,154,11.67,362,3.33,1
18040,19,178.6,246,74.0,0
18041,12,199.21,373,181.86,1
18042,54,165.05,54,33.0,0
18043,25,186.5,367,94.0,0
18044,4,208.86,361,103.3,1
18045,45,189.4,45,142.0,0
18048,203,86.15,203,63.5,0
18050,359,74.4,359,40.0,0
18053,71,300.02,71,302.0,0
18055,7,678.42,370,245.5,1
18056,288,363.65,288,211.0,0
18058,10,170.16,10,88.0,0
18059,23,102.15,68,86.0,0
18061,22,211.94,366,95.5,1
18062,173,240.17,338,132.0,0
18064,133,407.0,235,192.0,0
18065,6,170.92,365,73.36,1
18066,75,318.0,75,108.0,0
18067,40,396.33,40,189.0,0
18068,289,101.7,289,6.0,0
18069,26,407.33,327,262.2,1
18071,258,226.5,366,130.0,0
18072,186,247.44,186,288.0,0
18073,114,323.13,197,259.0,1
18074,374,489.6,374,190.0,0
18075,23,261.18,361,146.4,1
18077,8,239.36,367,170.73,1
18078,217,168.06,259,72.5,0
18079,45,912.99,239,1858.0,0
18080,19,615.75,243,321.0,0
18081,36,114.48,134,65.0,0
18082,26,703.37,26,621.0,0
18084,16,90.48,16,312.0,0
18085,330,344.98,374,132.5,0
18086,274,101.34,274,106.0,0
18087,98,2027.86,291,1953.5,0
18088,61,167.67,61,109.0,0
18092,2,824.39,366,386.55,1
18093,93,526.63,303,348.0,0
18094,82,431.04,292,359.71,1
18095,313,290.02,333,209.5,0
18096,12,303.72,64,275.0,0
18097,8,449.63,354,281.0,1
18099,127,168.31,127,149.0,0
18101,11,111.82,143,44.0,0
18102,1,4327.62,367,1068.73,1
18104,37,754.64,37,362.0,0
18105,38,113.48,38,46.0,0
18106,330,430.7,330,128.0,0
18108,254,271.0,254,84.0,0
18109,2,309.73,370,162.96,1
18110,20,236.3,20,86.0,0
18112,12,176.34,166,127.5,0
18113,369,76.32,369,72.0,0
18114,290,220.1,290,55.0,0
18116,68,177.25,365,106.0,1
18117,26,320.72,26,618.0,0
18118,11,217.45,370,110.85,1
18119,368,181.12,368,125.0,0
18120,214,111.15,214,31.0,0
18121,149,336.55,155,225.0,0
18122,8,304.37,151,205.67,1
18123,24,294.72,31,297.0,0
18125,30,285.75,316,201.0,0
18126,61,206.83,61,144.0,0
18127,19,116.24,134,62.67,0
18129,243,112.55,243,48.0,0
18130,15,353.13,57,274.67,0
18133,212,931.5,212,1350.0,0
18135,29,136.38,190,69.8,1
18136,63,261.44,320,126.33,0
18138,295,152.65,295,38.0,0
18139,18,1406.39,18,926.17,1
18142,157,509.76,216,638.0,0
18143,117,500.08,142,285.0,0
18144,8,240.73,373,111.92,1
18145,13,715.39,313,656.25,0
18146,141,80.18,220,76.5,0
18147,46,89.67,109,101.5,0
18149,51,204.03,274,103.33,0
18150,32,188.86,202,110.67,0
18151,135,326.68,290,177.5,0
18154,3,199.6,44,127.5,0
18155,75,123.87,292,88.67,0
18156,13,367.47,370,150.5,0
18158,9,226.7,89,177.0,0
18159,301,530.15,301,139.0,0
18160,57,319.03,200,147.0,0
18161,15,323.74,320,162.4,1
18164,37,399.65,37,184.0,0
18165,177,302.46,177,254.0,0
18167,23,461.62,106,127.33,0
18168,176,194.99,372,99.0,1
18169,61,202.65,61,61.0,0
18170,33,326.77,217,136.33,0
18171,59,246.26,334,96.2,1
18172,15,378.08,290,159.2,1
18173,87,526.71,275,305.0,0
18174,7,104.0,7,50.0,0
18176,358,476.35,358,283.0,0
18177,31,223.57,256,118.33,1
18178,129,397.7,365,245.75,0
18179,9,298.86,336,226.67,1
18180,5,307.29,143,286.83,1
18181,24,382.8,24,146.0,0
18183,227,316.04,275,185.5,0
18184,15,49.8,15,60.0,0
18185,249,304.25,249,183.0,0
18188,15,667.01,290,389.33,0
18189,78,545.12,268,283.0,0
18190,192,142.23,331,70.0,0
18191,262,207.8,262,140.0,0
18192,72,957.97,72,339.0,0
18193,165,243.76,165,124.0,0
18194,82,973.84,82,632.0,0
18196,95,344.56,290,216.5,0
18198,4,319.15,336,239.65,1
18200,106,163.8,106,111.0,0
18202,200,465.66,311,193.67,0
18203,157,160.42,157,43.0,0
18204,71,664.57,192,400.0,0
18205,36,258.68,75,96.0,0
18209,29,139.1,29,58.0,0
18210,2,436.9,267,233.0,1
18211,26,120.01,279,71.8,1
18212,326,248.42,326,101.0,0
18213,237,232.48,237,232.0,0
18215,89,299.34,89,118.0,0
18216,31,481.75,31,200.0,0
18217,29,310.88,71,245.5,0
18218,211,331.04,282,292.0,0
18219,3,206.98,369,88.5,1
18220,227,305.28,227,288.0,0
18221,22,208.32,211,158.2,1
18222,93,443.0,93,335.0,0
18223,5,463.18,358,210.57,1
18224,264,158.95,264,69.0,0
18225,3,459.09,365,270.33,1
18226,44,475.28,338,315.09,1
18227,218,93.75,218,21.0,0
18228,57,389.95,80,119.0,0
18229,12,363.84,373,124.4,1
18230,9,401.46,302,188.0,1
18231,192,416.65,289,164.2,1
18232,82,148.24,197,75.5,0
18233,326,440.0,326,4.0,0
18235,72,598.83,217,526.0,0
18236,30,147.04,241,67.17,1
18237,3,197.42,134,124.4,1
18239,219,312.32,372,159.0,1
18240,46,422.58,46,126.0,0
18241,10,121.95,218,61.82,1
18242,72,558.12,214,254.25,0
18245,7,366.72,355,255.43,1
18246,24,298.05,233,83.0,0
18248,123,402.01,186,255.5,0
18249,17,95.34,17,128.0,0
18250,310,349.27,310,199.0,0
18251,87,4314.72,87,7824.0,0
18252,51,263.33,172,119.5,0
18255,89,103.3,89,74.0,0
18257,39,292.2,296,130.12,1
18259,25,779.53,366,238.0,0
18260,173,440.53,358,246.33,1
18261,43,162.12,96,73.0,0
18262,140,149.48,140,182.0,0
18263,26,404.39,253,489.33,0
18265,72,400.76,158,155.5,0
18268,134,25.5,134,2.0,0
18269,366,168.6,366,76.0,0
18270,38,141.58,267,50.5,0
18272,3,513.1,247,341.67,1
18273,2,68.0,258,26.67,0
18274,30,175.92,30,88.0,0
18276,44,335.86,44,186.0,0
18277,58,110.38,58,68.0,0
18278,74,173.9,74,66.0,0
18280,278,180.6,278,45.0,0
18281,181,80.82,181,54.0,0
18282,8,89.02,126,51.5,0
18283,4,130.93,337,87.31,1
18287,43,612.43,202,528.67,0
